,MODELYEAR,MAKE,MODEL,VEHICLECLASS,ENGINESIZE,CYLINDERS,TRANSMISSION,FUELTYPE,FUELCONSUMPTION_CITY,FUELCONSUMPTION_HWY,FUELCONSUMPTION_COMB,FUELCONSUMPTION_COMB_MPG,CO2EMISSIONS
0,2014,ACURA,ILX,COMPACT,2.0,4.0,AS5,Z,9.9,6.7,8.5,33,196.0
1,2014,ACURA,ILX,COMPACT,2.4,4.0,M6,Z,11.2,7.7,9.6,29,221.0
2,2014,ACURA,ILX HYBRID,COMPACT,1.5,4.0,AV7,Z,6.0,5.8,5.9,48,136.0
3,2014,ACURA,MDX 4WD,SUV - SMALL,3.5,6.0,AS6,Z,12.7,9.1,11.1,25,
4,2014,ACURA,RDX AWD,SUV - SMALL,3.5,6.0,AS6,Z,12.1,8.7,10.6,27,244.0
5,2014,ACURA,RLX,MID-SIZE,3.5,6.0,AS6,Z,11.9,7.7,10.0,28,230.0
6,2014,ACURA,TL,MID-SIZE,3.5,6.0,AS6,Z,11.8,8.1,10.1,28,232.0
7,2014,ACURA,TL AWD,MID-SIZE,3.7,6.0,AS6,Z,12.8,9.0,11.1,25,255.0
8,2014,ACURA,TL AWD,MID-SIZE,3.7,6.0,M6,Z,13.4,9.5,11.6,24,267.0
9,2014,ACURA,TSX,COMPACT,2.4,4.0,AS5,Z,10.6,7.5,9.2,31,212.0
10,2014,ACURA,TSX,COMPACT,2.4,4.0,M6,Z,11.2,8.1,9.8,29,225.0
11,2014,ACURA,TSX,COMPACT,3.5,6.0,AS5,Z,12.1,8.3,10.4,27,239.0
12,2014,ASTON MARTIN,DB9,MINICOMPACT,5.9,12.0,A6,Z,18.0,12.6,15.6,18,359.0
13,2014,ASTON MARTIN,RAPIDE,SUBCOMPACT,5.9,12.0,A6,Z,18.0,12.6,15.6,18,359.0
14,2014,ASTON MARTIN,V8 VANTAGE,TWO-SEATER,4.7,8.0,AM7,Z,17.4,11.3,14.7,19,338.0
15,2014,ASTON MARTIN,V8 VANTAGE,TWO-SEATER,4.7,8.0,M6,Z,18.1,12.2,15.4,18,354.0
16,2014,ASTON MARTIN,V8 VANTAGE S,TWO-SEATER,4.7,8.0,AM7,Z,17.4,11.3,14.7,19,338.0
17,2014,ASTON MARTIN,V8 VANTAGE S,TWO-SEATER,4.7,8.0,M6,Z,18.1,12.2,15.4,18,354.0
18,2014,ASTON MARTIN,VANQUISH,MINICOMPACT,5.9,12.0,A6,Z,18.0,12.6,15.6,18,359.0
19,2014,AUDI,A4,COMPACT,2.0,4.0,AV8,,9.9,7.4,8.8,32,202.0
20,2014,AUDI,A4 QUATTRO,COMPACT,2.0,4.0,AS8,Z,11.5,8.1,10.0,28,
21,2014,AUDI,A4 QUATTRO,COMPACT,2.0,4.0,M6,Z,10.8,7.5,9.3,30,214.0
22,2014,AUDI,A5 CABRIOLET QUATTRO,SUBCOMPACT,2.0,4.0,AS8,Z,11.5,8.1,10.0,28,230.0
23,2014,AUDI,A5 QUATTRO,SUBCOMPACT,2.0,4.0,AS8,Z,11.5,8.1,10.0,28,230.0
24,2014,AUDI,A5 QUATTRO,SUBCOMPACT,2.0,4.0,M6,Z,10.8,7.5,9.3,30,214.0
25,2014,AUDI,A6 QUATTRO,MID-SIZE,2.0,4.0,AS8,Z,12.0,8.1,10.2,28,235.0
26,2014,AUDI,A6 QUATTRO,MID-SIZE,3.0,6.0,AS8,Z,12.8,8.6,10.9,26,251.0
27,2014,AUDI,A6 QUATTRO TDI CLEAN DIESEL,MID-SIZE,3.0,6.0,AS8,D,9.8,6.4,8.3,34,224.0
28,2014,AUDI,A7 QUATTRO,MID-SIZE,3.0,6.0,AS8,Z,13.1,8.8,11.2,25,258.0
29,2014,AUDI,A7 QUATTRO TDI CLEAN DIESEL,MID-SIZE,3.0,6.0,AS8,D,9.8,6.4,8.3,34,224.0
30,2014,AUDI,A8,MID-SIZE,3.0,6.0,AS8,,13.1,8.8,11.2,25,
31,2014,AUDI,A8,MID-SIZE,4.0,8.0,AS8,Z,13.5,8.6,11.3,25,260.0
32,2014,AUDI,A8 TDI CLEAN DIESEL,MID-SIZE,3.0,6.0,AS8,D,10.0,6.4,8.4,34,227.0
33,2014,AUDI,A8L,FULL-SIZE,3.0,6.0,AS8,Z,13.1,8.8,11.2,25,258.0
34,2014,AUDI,A8L,FULL-SIZE,4.0,8.0,AS8,Z,14.7,9.7,12.5,23,288.0
35,2014,AUDI,A8L,FULL-SIZE,6.3,12.0,AS8,Z,18.2,12.6,15.7,18,361.0
36,2014,AUDI,A8L TDI CLEAN DIESEL,FULL-SIZE,3.0,6.0,AS8,D,10.1,6.5,8.5,33,230.0
37,2014,AUDI,ALLROAD QUATTRO,STATION WAGON - SMALL,2.0,4.0,AS8,Z,11.8,8.8,10.5,27,242.0
38,2014,AUDI,Q5,SUV - SMALL,2.0,4.0,AS8,Z,12.0,8.5,10.4,27,239.0
39,2014,AUDI,Q5,SUV - SMALL,3.0,,AS8,Z,12.9,9.2,11.2,25,258.0
40,2014,AUDI,Q5 HYBRID,SUV - SMALL,2.0,4.0,AS8,Z,9.9,8.3,9.2,31,212.0
41,2014,AUDI,Q5 TDI CLEAN DIESEL,SUV - SMALL,3.0,6.0,AS8,D,10.3,7.6,9.1,31,246.0
42,2014,AUDI,Q7,SUV - STANDARD,3.0,,AS8,Z,15.1,10.9,13.2,21,
43,2014,AUDI,Q7 TDI CLEAN DIESEL,SUV - STANDARD,3.0,6.0,AS8,D,12.9,8.4,10.9,26,
44,2014,AUDI,R8,TWO-SEATER,4.2,8.0,A7,Z,17.6,11.0,14.6,19,336.0
45,2014,AUDI,R8,TWO-SEATER,4.2,8.0,M6,,21.2,13.4,17.7,16,407.0
46,2014,AUDI,R8,TWO-SEATER,5.2,10.0,A7,Z,18.8,11.3,15.4,18,354.0
47,2014,AUDI,R8,TWO-SEATER,5.2,10.0,M6,Z,21.1,13.8,17.8,16,409.0
48,2014,AUDI,R8 SPYDER,TWO-SEATER,,8.0,A7,Z,17.6,11.0,14.6,19,
49,2014,AUDI,R8 SPYDER,TWO-SEATER,4.2,8.0,M6,Z,21.2,13.4,17.7,16,
50,2014,AUDI,R8 SPYDER,TWO-SEATER,5.2,10.0,A7,,18.8,11.3,15.4,18,354.0
51,2014,AUDI,R8 SPYDER,TWO-SEATER,5.2,10.0,M6,Z,21.1,13.8,17.8,16,409.0
52,2014,AUDI,RS5,SUBCOMPACT,4.2,8.0,A7,Z,15.3,10.9,13.3,21,306.0
53,2014,AUDI,RS5 CABRIOLET,SUBCOMPACT,4.2,8.0,A7,Z,15.2,11.3,13.4,21,308.0
54,2014,AUDI,RS7,MID-SIZE,4.0,8.0,AS8,Z,15.3,9.3,12.6,22,290.0
55,2014,AUDI,S4,COMPACT,3.0,6.0,A7,Z,13.2,9.2,11.4,25,262.0
56,2014,AUDI,S4,COMPACT,3.0,6.0,M6,Z,14.6,9.8,12.4,23,285.0
57,2014,AUDI,S5,SUBCOMPACT,3.0,6.0,A7,Z,13.2,9.2,11.4,25,262.0
58,2014,AUDI,S5,SUBCOMPACT,3.0,6.0,M6,Z,14.6,9.8,12.4,23,285.0
59,2014,AUDI,S5 CABRIOLET,SUBCOMPACT,3.0,6.0,A7,Z,13.3,9.5,11.6,24,267.0
60,2014,AUDI,S6,MID-SIZE,4.0,8.0,A7,Z,14.2,9.7,12.2,23,
61,2014,AUDI,S7,MID-SIZE,4.0,8.0,A7,Z,14.2,9.7,12.2,23,281.0
62,2014,AUDI,S8,MID-SIZE,4.0,8.0,AS8,Z,15.4,9.8,12.9,22,297.0
63,2014,AUDI,SQ5,SUV - SMALL,3.0,6.0,AS8,,14.9,10.1,12.7,22,292.0
64,2014,AUDI,TT COUPE QUATTRO,SUBCOMPACT,2.0,4.0,A6,Z,10.4,7.6,9.1,31,209.0
65,2014,AUDI,TT ROADSTER QUATTRO,TWO-SEATER,2.0,4.0,A6,Z,10.4,7.6,9.1,31,209.0
66,2014,AUDI,TTS COUPE QUATTRO,SUBCOMPACT,2.0,4.0,A6,Z,11.5,8.8,10.3,27,
67,2014,AUDI,TTS ROADSTER QUATTRO,TWO-SEATER,2.0,4.0,A6,Z,11.5,8.8,10.3,27,237.0
68,2014,BENTLEY,CONTINENTAL GT,SUBCOMPACT,4.0,8.0,AS8,,15.4,9.8,12.9,22,297.0
69,2014,BENTLEY,CONTINENTAL GT,SUBCOMPACT,6.0,12.0,AS8,Z,18.8,11.5,15.5,18,356.0
70,2014,BENTLEY,CONTINENTAL GT CONVERTIBLE,SUBCOMPACT,4.0,8.0,AS8,Z,16.8,10.3,13.9,20,320.0
71,2014,BENTLEY,CONTINENTAL GT SPEED CONVERTIBLE,SUBCOMPACT,6.0,12.0,AS8,Z,20.0,12.2,16.5,17,380.0
72,2014,BENTLEY,CONTINENTAL GTC,SUBCOMPACT,4.0,8.0,AS8,Z,16.7,10.6,14.0,20,322.0
73,2014,BENTLEY,CONTINENTAL GTC,SUBCOMPACT,6.0,12.0,AS8,Z,20.0,12.2,16.5,17,380.0
74,2014,BENTLEY,FLYING SPUR,MID-SIZE,6.0,12.0,AS8,Z,20.0,12.2,16.5,17,380.0
75,2014,BENTLEY,MULSANNE,MID-SIZE,6.8,8.0,AS8,Z,22.3,14.9,19.0,15,437.0
76,2014,BMW,320i,COMPACT,2.0,4.0,A8,Z,10.0,6.5,8.4,34,193.0
77,2014,BMW,320i,COMPACT,2.0,4.0,M6,Z,10.4,6.7,8.7,32,200.0
78,2014,BMW,320i xDRIVE,COMPACT,2.0,4.0,A8,Z,10.2,7.0,8.8,32,202.0
79,2014,BMW,328d xDRIVE,COMPACT,2.0,4.0,A8,D,7.6,5.5,6.7,42,181.0
80,2014,BMW,328d xDRIVE TOURING,STATION WAGON - SMALL,2.0,4.0,A8,D,7.6,5.5,6.7,42,181.0
81,2014,BMW,328i,COMPACT,2.0,4.0,A8,Z,10.0,6.5,8.4,34,193.0
82,2014,BMW,328i,COMPACT,2.0,4.0,M6,Z,10.4,6.7,8.7,32,200.0
83,2014,BMW,328i xDRIVE,COMPACT,2.0,4.0,A8,Z,10.6,7.2,9.1,31,209.0
84,2014,BMW,328i xDRIVE GRAN TURISMO,FULL-SIZE,2.0,4.0,A8,Z,10.6,7.2,9.1,31,209.0
85,2014,BMW,328i xDRIVE TOURING,STATION WAGON - SMALL,2.0,4.0,A8,Z,10.6,7.2,9.1,31,209.0
86,2014,BMW,335i,COMPACT,3.0,6.0,A8,Z,11.4,7.3,9.6,29,221.0
87,2014,BMW,335i,COMPACT,3.0,6.0,M6,Z,11.8,7.9,10.0,28,230.0
88,2014,BMW,335i xDRIVE,COMPACT,3.0,6.0,A8,Z,11.7,7.8,9.9,29,228.0
89,2014,BMW,335i xDRIVE,COMPACT,3.0,6.0,M6,Z,11.9,8.3,10.3,27,237.0
90,2014,BMW,335i xDRIVE GRAN TURISMO,FULL-SIZE,3.0,6.0,A8,Z,11.9,8.0,10.1,28,232.0
91,2014,BMW,428i COUPE,COMPACT,2.0,4.0,A8,Z,10.0,6.5,8.4,34,193.0
92,2014,BMW,428i COUPE,COMPACT,2.0,4.0,M6,Z,10.4,6.7,8.7,32,
93,2014,BMW,428i xDRIVE COUPE,COMPACT,2.0,4.0,A8,Z,10.6,7.2,9.1,31,209.0
94,2014,BMW,435i COUPE,COMPACT,3.0,6.0,A8,Z,11.4,7.3,9.6,29,221.0
95,2014,BMW,435i COUPE,COMPACT,3.0,6.0,M6,Z,11.8,7.9,10.0,28,230.0
96,2014,BMW,435i xDRIVE COUPE,COMPACT,3.0,6.0,A8,Z,11.7,7.8,9.9,29,228.0
97,2014,BMW,435i xDRIVE COUPE,COMPACT,3.0,6.0,M6,Z,11.9,8.3,10.3,27,237.0
98,2014,BMW,528i,MID-SIZE,2.0,4.0,A8,Z,10.2,7.0,8.8,32,202.0
99,2014,BMW,528i xDRIVE,MID-SIZE,2.0,4.0,A8,Z,10.6,7.2,9.1,31,209.0
100,2014,BMW,535d xDRIVE,MID-SIZE,3.0,6.0,A8,D,9.2,6.4,7.9,36,213.0
101,2014,BMW,535i xDRIVE,MID-SIZE,3.0,6.0,A8,Z,11.9,8.0,10.1,28,
102,2014,BMW,535i xDRIVE GRAN TURISMO,FULL-SIZE,3.0,6.0,A8,Z,12.5,8.6,10.7,26,246.0
103,2014,BMW,550i xDRIVE,MID-SIZE,4.4,8.0,A8,Z,14.4,9.6,12.2,23,281.0
104,2014,BMW,550i xDRIVE GRAN TURISMO,FULL-SIZE,4.4,8.0,A8,Z,15.0,9.8,12.7,22,292.0
105,2014,BMW,640i xDRIVE GRAN COUPE,COMPACT,3.0,6.0,A8,Z,11.9,8.0,10.1,28,232.0
106,2014,BMW,650i xDRIVE CABRIOLET,SUBCOMPACT,4.4,8.0,A8,Z,15.0,9.8,12.7,22,292.0
107,2014,BMW,650i xDRIVE COUPE,COMPACT,4.4,8.0,A8,Z,14.4,9.6,12.2,23,281.0
108,2014,BMW,650i xDRIVE GRAN COUPE,COMPACT,4.4,8.0,A8,Z,15.0,9.8,12.7,22,292.0
109,2014,BMW,740Li xDRIVE,FULL-SIZE,3.0,6.0,A8,Z,12.5,8.6,10.7,26,246.0
110,2014,BMW,750i xDRIVE,FULL-SIZE,4.4,8.0,A8,Z,15.0,9.8,12.7,22,292.0
111,2014,BMW,750Li xDRIVE,FULL-SIZE,4.4,8.0,A8,Z,15.0,9.8,12.7,22,292.0
112,2014,BMW,760Li,FULL-SIZE,6.0,12.0,A8,Z,18.7,11.5,15.5,18,356.0
113,2014,BMW,ACTIVEHYBRID 3,COMPACT,3.0,6.0,A8,Z,9.2,7.1,8.3,34,191.0
114,2014,BMW,ACTIVEHYBRID 5,MID-SIZE,3.0,6.0,A8,Z,10.5,7.9,9.3,30,214.0
115,2014,BMW,ACTIVEHYBRID 7L,FULL-SIZE,3.0,6.0,A8,Z,10.5,7.6,9.2,31,212.0
116,2014,BMW,ALPINA B7 xDRIVE LWB,FULL-SIZE,4.4,8.0,A8,Z,15.0,9.8,12.7,22,292.0
117,2014,BMW,ALPINA B7 xDRIVE SWB,FULL-SIZE,4.4,8.0,A8,Z,15.0,9.8,12.7,22,292.0
118,2014,BMW,M5,MID-SIZE,4.4,8.0,AM7,Z,17.3,11.5,14.7,19,338.0
119,2014,BMW,M5,MID-SIZE,4.4,8.0,M6,Z,16.2,10.9,13.8,20,317.0
120,2014,BMW,M6,COMPACT,4.4,8.0,AM7,Z,17.3,11.5,14.7,19,338.0
121,2014,BMW,M6,COMPACT,4.4,8.0,M6,Z,16.2,10.9,13.8,20,317.0
122,2014,BMW,M6 CABRIOLET,SUBCOMPACT,4.4,8.0,AM7,Z,17.3,11.5,14.7,19,338.0
123,2014,BMW,M6 CABRIOLET,SUBCOMPACT,4.4,8.0,M6,Z,16.2,10.9,13.8,20,317.0
124,2014,BMW,M6 GRAN COUPE,COMPACT,,,AM7,Z,17.3,11.5,14.7,19,338.0
125,2014,BMW,M6 GRAN COUPE,COMPACT,4.4,8.0,M6,Z,16.2,10.9,13.8,20,317.0
126,2014,BMW,X1 xDRIVE28i,SUV - SMALL,2.0,4.0,A8,Z,10.6,7.2,9.1,31,209.0
127,2014,BMW,X1 xDRIVE35i,SUV - SMALL,3.0,6.0,A6,Z,13.2,8.9,11.3,25,260.0
128,2014,BMW,X3 xDRIVE28i,SUV - SMALL,2.0,4.0,A8,Z,11.2,8.5,10.0,28,230.0
129,2014,BMW,X3 xDRIVE35i,SUV - SMALL,3.0,6.0,A8,Z,12.6,9.1,11.0,26,253.0
130,2014,BMW,X5 xDRIVE35i,SUV - STANDARD,3.0,6.0,A8,Z,12.9,8.8,11.1,25,255.0
131,2014,BMW,X5 xDRIVE50i,SUV - STANDARD,4.4,8.0,A8,Z,16.3,10.9,13.9,20,320.0
132,2014,BMW,X6 M,SUV - STANDARD,4.4,8.0,A6,Z,18.1,13.7,16.1,18,370.0
133,2014,BMW,X6 xDRIVE35i,SUV - STANDARD,3.0,6.0,A8,Z,13.6,9.8,11.9,24,274.0
134,2014,BMW,X6 xDRIVE50i,SUV - STANDARD,4.4,8.0,A8,Z,16.4,11.3,14.1,20,324.0
135,2014,BMW,Z4 sDRIVE28i,TWO-SEATER,2.0,4.0,A8,Z,10.8,7.1,9.1,31,209.0
136,2014,BMW,Z4 sDRIVE28i,TWO-SEATER,2.0,,M6,Z,10.4,6.7,8.7,32,200.0
137,2014,BMW,Z4 sDRIVE35i,TWO-SEATER,3.0,,AM7,Z,13.7,10.1,12.1,23,278.0
138,2014,BMW,Z4 sDRIVE35i,TWO-SEATER,3.0,6.0,M6,Z,12.7,9.0,11.0,26,
139,2014,BMW,Z4 sDRIVE35is,TWO-SEATER,3.0,6.0,AM7,Z,13.7,10.1,12.1,23,278.0
140,2014,BUICK,ENCLAVE,SUV - STANDARD,3.6,6.0,A6,X,14.3,9.9,12.3,23,283.0
141,2014,BUICK,ENCLAVE AWD,SUV - STANDARD,3.6,6.0,A6,X,14.6,10.2,12.6,22,290.0
142,2014,BUICK,ENCORE,SUV - SMALL,1.4,4.0,AS6,X,9.5,7.2,8.5,33,
143,2014,BUICK,ENCORE AWD,SUV - SMALL,1.4,4.0,AS6,X,10.2,8.0,9.2,31,212.0
144,2014,BUICK,LACROSSE,MID-SIZE,3.6,6.0,AS6,X,13.7,8.7,11.5,25,264.0
145,2014,BUICK,LACROSSE,MID-SIZE,3.6,6.0,AS6,E,18.4,12.2,15.6,18,250.0
146,2014,BUICK,LACROSSE AWD,MID-SIZE,3.6,6.0,AS6,X,13.7,8.9,11.5,25,264.0
147,2014,BUICK,LACROSSE AWD,MID-SIZE,3.6,6.0,AS6,E,19.4,13.0,16.5,17,264.0
148,2014,BUICK,LACROSSE eASSIST,MID-SIZE,2.4,4.0,AS6,X,9.6,6.5,8.2,34,189.0
149,2014,BUICK,REGAL,MID-SIZE,2.0,4.0,AS6,Z,11.5,7.9,9.9,29,228.0
150,2014,BUICK,REGAL,MID-SIZE,2.0,4.0,M6,Z,11.6,7.5,9.8,29,225.0
151,2014,BUICK,REGAL AWD,MID-SIZE,2.0,4.0,AS6,Z,12.3,8.7,10.7,26,246.0
152,2014,BUICK,REGAL eASSIST,MID-SIZE,2.4,4.0,AS6,X,9.6,6.5,8.2,34,189.0
153,2014,BUICK,VERANO,COMPACT,2.0,4.0,AS6,Z,11.5,7.9,9.9,29,228.0
154,2014,BUICK,VERANO,COMPACT,2.0,4.0,M6,Z,11.6,7.5,9.8,29,225.0
155,2014,BUICK,VERANO,COMPACT,2.4,4.0,AS6,X,11.3,7.4,9.5,30,218.0
156,2014,CADILLAC,ATS,COMPACT,2.0,4.0,AS6,Z,11.3,7.5,9.6,29,221.0
157,2014,CADILLAC,ATS,COMPACT,2.0,4.0,M6,Z,12.1,7.9,10.2,28,235.0
158,2014,CADILLAC,ATS,COMPACT,2.5,4.0,AS6,X,10.5,7.2,9.0,31,207.0
159,2014,CADILLAC,ATS,COMPACT,3.6,6.0,AS6,X,12.8,8.5,10.9,26,251.0
160,2014,CADILLAC,ATS AWD,COMPACT,2.0,4.0,AS6,Z,11.8,8.1,10.1,28,232.0
161,2014,CADILLAC,ATS AWD,COMPACT,3.6,6.0,AS6,X,13.1,9.0,11.3,25,260.0
162,2014,CADILLAC,CTS COUPE,MID-SIZE,,6.0,AS6,X,13.2,8.7,11.2,25,258.0
163,2014,CADILLAC,CTS COUPE AWD,MID-SIZE,3.6,6.0,AS6,X,13.3,9.0,11.4,25,262.0
164,2014,CADILLAC,CTS SEDAN,MID-SIZE,2.0,4.0,AS6,Z,11.9,7.9,10.1,28,
165,2014,CADILLAC,CTS SEDAN,MID-SIZE,3.6,6.0,AS8,X,12.9,8.2,10.8,26,
166,2014,CADILLAC,CTS SEDAN AWD,MID-SIZE,2.0,4.0,AS6,Z,12.6,8.5,10.8,26,248.0
167,2014,CADILLAC,CTS SEDAN AWD,MID-SIZE,3.6,6.0,AS6,X,13.1,9.0,11.3,25,260.0
168,2014,CADILLAC,CTS SEDAN Vsport,MID-SIZE,3.6,6.0,AS8,Z,15.1,9.9,12.8,22,
169,2014,CADILLAC,CTS SPORT WAGON,STATION WAGON - SMALL,3.0,6.0,AS6,X,12.7,8.9,11.0,26,253.0
170,2014,CADILLAC,CTS SPORT WAGON,STATION WAGON - SMALL,3.6,6.0,AS6,X,13.3,8.9,11.3,25,260.0
171,2014,CADILLAC,CTS SPORT WAGON AWD,STATION WAGON - SMALL,3.0,6.0,AS6,X,12.8,9.1,11.1,25,
172,2014,CADILLAC,CTS SPORT WAGON AWD,STATION WAGON - SMALL,3.6,6.0,AS6,X,13.3,9.0,11.4,25,262.0
173,2014,CADILLAC,CTS-V COUPE,MID-SIZE,6.2,8.0,AS6,Z,19.7,12.9,16.6,17,382.0
174,2014,CADILLAC,CTS-V COUPE,MID-SIZE,6.2,8.0,M6,Z,16.7,12.5,14.8,19,340.0
175,2014,CADILLAC,CTS-V SEDAN,MID-SIZE,6.2,8.0,AS6,Z,19.7,12.9,16.6,17,382.0
176,2014,CADILLAC,CTS-V SEDAN,MID-SIZE,6.2,8.0,M6,Z,16.7,12.5,14.8,19,340.0
177,2014,CADILLAC,CTS-V SPORT WAGON,STATION WAGON - SMALL,6.2,8.0,AS6,Z,19.7,12.9,16.6,17,382.0
178,2014,CADILLAC,CTS-V SPORT WAGON,STATION WAGON - SMALL,6.2,8.0,M6,Z,16.7,12.5,14.8,19,340.0
179,2014,CADILLAC,ESCALADE AWD,SUV - STANDARD,6.2,8.0,A6,Z,17.0,11.8,14.7,19,338.0
180,2014,CADILLAC,ESCALADE AWD,SUV - STANDARD,6.2,8.0,A6,E,23.3,16.1,20.1,14,322.0
181,2014,CADILLAC,ESCALADE ESV AWD,SUV - STANDARD,6.2,,A6,Z,18.8,13.4,16.4,17,377.0
182,2014,CADILLAC,ESCALADE ESV AWD,SUV - STANDARD,6.2,8.0,A6,E,25.7,17.8,22.1,13,354.0
183,2014,CADILLAC,SRX,SUV - STANDARD,3.6,6.0,AS6,X,14.3,9.8,12.3,23,283.0
184,2014,CADILLAC,SRX AWD,SUV - STANDARD,3.6,6.0,AS6,X,14.8,10.4,12.8,22,294.0
185,2014,CADILLAC,XTS,FULL-SIZE,3.6,6.0,AS6,X,13.6,8.6,11.4,25,262.0
186,2014,CADILLAC,XTS AWD,FULL-SIZE,3.6,6.0,AS6,X,14.0,9.1,11.8,24,271.0
187,2014,CADILLAC,XTS Vsport AWD,FULL-SIZE,3.6,6.0,AS6,Z,14.8,9.8,12.6,22,290.0
188,2014,CHEVROLET,CAMARO,COMPACT,3.6,6.0,AS6,X,13.2,8.7,11.2,25,
189,2014,CHEVROLET,CAMARO,COMPACT,3.6,6.0,M6,X,14.2,8.6,11.7,24,269.0
190,2014,CHEVROLET,CAMARO 2LS,COMPACT,3.6,6.0,AS6,X,12.7,7.9,10.5,27,242.0
191,2014,CHEVROLET,CAMARO SS,COMPACT,6.2,8.0,AS6,Z,15.3,9.8,12.8,22,294.0
192,2014,CHEVROLET,CAMARO SS,COMPACT,6.2,8.0,M6,Z,15.0,9.9,12.7,22,292.0
193,2014,CHEVROLET,CAMARO ZL1,COMPACT,6.2,8.0,AS6,Z,19.7,12.9,16.6,17,382.0
194,2014,CHEVROLET,CAMARO ZL1,COMPACT,6.2,8.0,M6,Z,16.7,12.5,14.8,19,340.0
195,2014,CHEVROLET,CORVETTE,TWO-SEATER,6.2,8.0,AS6,Z,14.9,8.5,12.0,24,276.0
196,2014,CHEVROLET,CORVETTE,TWO-SEATER,6.2,,M7,Z,13.7,8.2,11.2,25,
197,2014,CHEVROLET,CRUZE,MID-SIZE,1.4,4.0,AS6,X,9.1,6.3,7.8,36,179.0
198,2014,CHEVROLET,CRUZE,MID-SIZE,1.4,4.0,M6,X,9.1,6.3,7.8,36,179.0
199,2014,CHEVROLET,CRUZE,MID-SIZE,1.8,4.0,AS6,X,10.5,6.7,8.8,32,202.0
200,2014,CHEVROLET,CRUZE,MID-SIZE,1.8,4.0,M6,X,9.5,6.5,8.2,34,189.0
201,2014,CHEVROLET,CRUZE DIESEL,MID-SIZE,2.0,4.0,AS6,D,8.7,5.1,7.1,40,
202,2014,CHEVROLET,CRUZE ECO,MID-SIZE,1.4,4.0,A6,X,9.1,6.0,7.7,37,177.0
203,2014,CHEVROLET,CRUZE ECO,MID-SIZE,1.4,4.0,M6,X,8.4,5.6,7.1,40,163.0
204,2014,CHEVROLET,EQUINOX,SUV - SMALL,2.4,4.0,A6,X,10.5,7.3,9.1,31,209.0
205,2014,CHEVROLET,EQUINOX,SUV - SMALL,3.6,6.0,A6,X,13.9,9.6,12.0,24,276.0
206,2014,CHEVROLET,EQUINOX,SUV - SMALL,3.6,6.0,A6,E,18.8,13.1,16.2,17,259.0
207,2014,CHEVROLET,EQUINOX AWD,SUV - SMALL,2.4,4.0,A6,X,11.5,8.2,10.0,28,230.0
208,2014,CHEVROLET,EQUINOX AWD,SUV - SMALL,3.6,6.0,A6,X,14.8,9.9,12.6,22,290.0
209,2014,CHEVROLET,EQUINOX AWD,SUV - SMALL,3.6,6.0,A6,E,19.8,13.6,17.0,17,272.0
210,2014,CHEVROLET,EXPRESS 1500 CARGO,VAN - CARGO,4.3,6.0,A4,X,17.1,12.7,15.1,19,347.0
211,2014,CHEVROLET,EXPRESS 1500 CARGO,VAN - CARGO,5.3,8.0,A4,,18.0,13.4,15.9,18,366.0
212,2014,CHEVROLET,EXPRESS 1500 CARGO,VAN - CARGO,5.3,8.0,A4,E,23.5,17.7,20.9,14,334.0
213,2014,CHEVROLET,EXPRESS 1500 CARGO AWD,VAN - CARGO,5.3,8.0,A4,,18.3,14.2,16.5,17,380.0
214,2014,CHEVROLET,EXPRESS 1500 CARGO AWD,VAN - CARGO,5.3,8.0,A4,E,23.7,18.8,21.5,13,344.0
215,2014,CHEVROLET,EXPRESS 1500 CARGO CONV,VAN - CARGO,5.3,8.0,A4,X,18.6,13.9,16.5,17,380.0
216,2014,CHEVROLET,EXPRESS 1500 CARGO CONV,VAN - CARGO,,8.0,A4,E,23.9,18.5,21.5,13,344.0
217,2014,CHEVROLET,EXPRESS 1500 CARGO CONV AWD,VAN - CARGO,5.3,8.0,A4,X,18.3,14.2,16.5,17,380.0
218,2014,CHEVROLET,EXPRESS 1500 CARGO CONV AWD,VAN - CARGO,5.3,8.0,A4,,25.3,19.3,22.6,12,362.0
219,2014,CHEVROLET,EXPRESS 1500 PASSENGER,VAN - PASSENGER,5.3,8.0,A4,X,18.6,13.9,16.5,17,380.0
220,2014,CHEVROLET,EXPRESS 1500 PASSENGER,VAN - PASSENGER,5.3,8.0,A4,E,23.9,18.5,21.5,13,344.0
221,2014,CHEVROLET,EXPRESS 1500 PASSENGER AWD,VAN - PASSENGER,5.3,8.0,A4,X,18.3,14.2,16.5,17,380.0
222,2014,CHEVROLET,EXPRESS 1500 PASSENGER AWD,VAN - PASSENGER,5.3,8.0,A4,E,25.3,19.3,22.6,12,362.0
223,2014,CHEVROLET,EXPRESS 2500 PASSENGER,VAN - PASSENGER,4.8,8.0,A6,X,21.1,14.2,18.0,16,414.0
224,2014,CHEVROLET,EXPRESS 2500 PASSENGER,VAN - PASSENGER,6.0,8.0,A6,X,21.9,15.0,18.8,15,432.0
225,2014,CHEVROLET,EXPRESS 2500 PASSENGER,VAN - PASSENGER,6.0,8.0,A6,E,30.0,20.4,25.7,11,411.0
226,2014,CHEVROLET,EXPRESS 3500 PASSENGER,VAN - PASSENGER,4.8,8.0,A6,X,21.3,14.3,18.2,16,419.0
227,2014,CHEVROLET,EXPRESS 3500 PASSENGER,VAN - PASSENGER,6.0,8.0,A6,X,22.1,15.0,18.9,15,435.0
228,2014,CHEVROLET,EXPRESS 3500 PASSENGER,VAN - PASSENGER,6.0,8.0,A6,E,30.2,20.5,25.8,11,413.0
229,2014,CHEVROLET,IMPALA,FULL-SIZE,2.5,4.0,AS6,,11.3,7.5,9.6,29,221.0
230,2014,CHEVROLET,IMPALA,FULL-SIZE,3.6,6.0,AS6,X,12.6,8.2,10.6,27,
231,2014,CHEVROLET,IMPALA,FULL-SIZE,3.6,6.0,AS6,E,16.7,11.3,14.3,20,229.0
232,2014,CHEVROLET,IMPALA ECO,FULL-SIZE,2.4,4.0,AS6,X,10.0,7.0,8.7,32,200.0
233,2014,CHEVROLET,MALIBU,MID-SIZE,2.0,4.0,AS6,Z,11.5,7.9,9.9,29,228.0
234,2014,CHEVROLET,MALIBU,MID-SIZE,2.5,4.0,AS6,X,9.3,6.4,8.0,35,184.0
235,2014,CHEVROLET,ORLANDO,SUV - SMALL,2.4,4.0,AS6,X,12.2,8.6,10.6,27,
236,2014,CHEVROLET,ORLANDO,SUV - SMALL,2.4,,M6,X,11.8,8.3,10.2,28,235.0
237,2014,CHEVROLET,SILVERADO,PICKUP TRUCK - STANDARD,4.3,6.0,A6,X,13.4,9.9,11.8,24,271.0
238,2014,CHEVROLET,SILVERADO,PICKUP TRUCK - STANDARD,4.3,6.0,A6,E,18.9,14.2,16.8,17,269.0
239,2014,CHEVROLET,SILVERADO,PICKUP TRUCK - STANDARD,5.3,8.0,A6,X,14.6,10.3,12.7,22,
240,2014,CHEVROLET,SILVERADO,PICKUP TRUCK - STANDARD,5.3,8.0,A6,E,19.5,13.7,16.9,17,270.0
241,2014,CHEVROLET,SILVERADO,PICKUP TRUCK - STANDARD,6.2,8.0,A6,Z,16.3,11.4,14.1,20,324.0
242,2014,CHEVROLET,SILVERADO 4WD,PICKUP TRUCK - STANDARD,4.3,6.0,A6,X,14.2,10.6,12.6,22,290.0
243,2014,CHEVROLET,SILVERADO 4WD,PICKUP TRUCK - STANDARD,4.3,6.0,A6,E,20.0,15.1,17.8,16,285.0
244,2014,CHEVROLET,SILVERADO 4WD,PICKUP TRUCK - STANDARD,5.3,8.0,A6,,14.9,10.6,13.0,22,299.0
245,2014,CHEVROLET,SILVERADO 4WD,PICKUP TRUCK - STANDARD,5.3,8.0,A6,E,19.9,14.2,17.3,16,277.0
246,2014,CHEVROLET,SILVERADO 4WD,PICKUP TRUCK - STANDARD,6.2,8.0,A6,Z,16.4,11.7,14.3,20,329.0
247,2014,CHEVROLET,SONIC,COMPACT,1.4,4.0,AS6,X,9.1,6.7,8.0,35,
248,2014,CHEVROLET,SONIC,COMPACT,1.4,4.0,M6,X,8.5,6.2,7.5,38,173.0
249,2014,CHEVROLET,SONIC,COMPACT,1.8,4.0,AS6,X,9.6,6.6,8.3,34,191.0
250,2014,CHEVROLET,SONIC,COMPACT,1.8,4.0,M5,X,8.9,6.7,7.9,36,182.0
251,2014,CHEVROLET,SONIC 5,MID-SIZE,1.4,4.0,AS6,X,9.1,6.7,8.0,35,184.0
252,2014,CHEVROLET,SONIC 5,MID-SIZE,1.4,4.0,M6,X,8.5,6.2,7.5,38,
253,2014,CHEVROLET,SONIC 5,MID-SIZE,1.8,4.0,AS6,X,9.6,6.6,8.3,34,191.0
254,2014,CHEVROLET,SONIC 5,MID-SIZE,1.8,4.0,M5,X,8.9,6.7,7.9,36,182.0
255,2014,CHEVROLET,SONIC 5 RS,MID-SIZE,1.4,4.0,AS6,X,9.4,7.0,8.3,34,191.0
256,2014,CHEVROLET,SONIC 5 RS,MID-SIZE,1.4,4.0,M6,X,8.7,7.0,7.9,36,182.0
257,2014,CHEVROLET,SONIC RS,COMPACT,1.4,4.0,AS6,X,9.4,7.0,8.3,34,
258,2014,CHEVROLET,SONIC RS,COMPACT,1.4,4.0,M6,X,8.7,7.0,7.9,36,182.0
259,2014,CHEVROLET,SPARK,SUBCOMPACT,1.2,4.0,AV,X,7.7,6.0,6.9,41,159.0
260,2014,CHEVROLET,SPARK,SUBCOMPACT,1.2,4.0,M5,X,7.6,6.0,6.9,41,159.0
261,2014,CHEVROLET,SUBURBAN,SUV - STANDARD,5.3,8.0,A6,X,16.0,11.1,13.8,20,317.0
262,2014,CHEVROLET,SUBURBAN,SUV - STANDARD,5.3,8.0,A6,E,21.5,14.6,18.4,15,294.0
263,2014,CHEVROLET,SUBURBAN 4WD,SUV - STANDARD,5.3,8.0,A6,X,16.0,11.1,13.8,20,317.0
264,2014,CHEVROLET,SUBURBAN 4WD,SUV - STANDARD,5.3,8.0,A6,E,21.5,14.6,18.4,15,
265,2014,CHEVROLET,TAHOE,SUV - STANDARD,5.3,8.0,A6,X,16.0,11.1,13.8,20,317.0
266,2014,CHEVROLET,TAHOE,SUV - STANDARD,5.3,8.0,A6,E,21.5,14.6,18.4,15,294.0
267,2014,CHEVROLET,TAHOE 4WD,SUV - STANDARD,5.3,8.0,A6,,16.0,11.1,13.8,20,317.0
268,2014,CHEVROLET,TAHOE 4WD,SUV - STANDARD,5.3,8.0,A6,E,21.5,14.6,18.4,15,294.0
269,2014,CHEVROLET,TRAVERSE,SUV - STANDARD,3.6,6.0,A6,X,14.3,9.9,12.3,23,283.0
270,2014,CHEVROLET,TRAVERSE AWD,SUV - STANDARD,3.6,6.0,A6,X,14.6,10.2,12.6,22,290.0
271,2014,CHEVROLET,TRAX,SUV - SMALL,1.4,4.0,AS6,X,9.4,7.1,8.4,34,
272,2014,CHEVROLET,TRAX,SUV - SMALL,1.4,4.0,M6,X,9.1,6.8,8.1,35,186.0
273,2014,CHEVROLET,TRAX AWD,SUV - SMALL,1.4,4.0,AS6,X,10.0,7.8,9.0,31,207.0
274,2014,CHRYSLER,300,FULL-SIZE,3.6,6.0,A8,X,12.4,7.7,10.3,27,237.0
275,2014,CHRYSLER,200 CONVERTIBLE,COMPACT,2.4,4.0,A4,X,11.7,8.2,10.1,28,232.0
276,2014,CHRYSLER,200 CONVERTIBLE,COMPACT,2.4,4.0,A6,X,12.9,8.1,10.7,26,246.0
277,2014,CHRYSLER,200 CONVERTIBLE FFV,COMPACT,3.6,6.0,A6,X,12.5,8.1,10.5,27,242.0
278,2014,CHRYSLER,200 CONVERTIBLE FFV,COMPACT,3.6,6.0,A6,E,17.0,11.2,14.4,20,230.0
279,2014,CHRYSLER,200 SEDAN,MID-SIZE,2.4,4.0,A4,X,11.2,8.0,9.8,29,225.0
280,2014,CHRYSLER,200 SEDAN,MID-SIZE,2.4,4.0,A6,X,12.0,7.6,10.0,28,230.0
281,2014,CHRYSLER,200 SEDAN FFV,MID-SIZE,3.6,6.0,A6,X,12.5,8.1,10.5,27,242.0
282,2014,CHRYSLER,200 SEDAN FFV,MID-SIZE,3.6,6.0,A6,E,17.0,11.2,14.4,20,230.0
283,2014,CHRYSLER,300 (MDS),FULL-SIZE,5.7,8.0,A5,X,15.8,9.2,12.8,22,294.0
284,2014,CHRYSLER,300 AWD,FULL-SIZE,3.6,6.0,A8,X,12.8,8.6,10.9,26,251.0
285,2014,CHRYSLER,300 AWD (MDS),FULL-SIZE,5.7,8.0,A5,X,16.1,10.0,13.4,21,308.0
286,2014,CHRYSLER,300 AWD FFV,FULL-SIZE,3.6,6.0,A8,X,12.8,8.6,10.9,26,251.0
287,2014,CHRYSLER,300 AWD FFV,FULL-SIZE,3.6,6.0,A8,E,17.3,11.7,14.8,19,237.0
288,2014,CHRYSLER,300 FFV,FULL-SIZE,3.6,6.0,A8,X,12.4,7.7,10.3,27,237.0
289,2014,CHRYSLER,300 FFV,FULL-SIZE,,6.0,A8,E,16.8,10.3,13.9,20,222.0
290,2014,CHRYSLER,300 SRT (MDS),FULL-SIZE,6.4,8.0,A5,Z,16.7,10.3,13.8,20,317.0
291,2014,CHRYSLER,TOWN & COUNTRY FFV,MINIVAN,3.6,6.0,A6,,14.1,9.5,12.0,24,276.0
292,2014,CHRYSLER,TOWN & COUNTRY FFV,MINIVAN,3.6,6.0,A6,E,19.7,13.3,16.8,17,269.0
293,2014,DODGE,AVENGER,MID-SIZE,2.4,4.0,A4,X,11.2,8.0,9.8,29,225.0
294,2014,DODGE,AVENGER,MID-SIZE,2.4,4.0,A6,X,12.0,7.6,10.0,28,230.0
295,2014,DODGE,AVENGER FFV,MID-SIZE,3.6,6.0,A6,X,12.5,8.1,10.5,27,242.0
296,2014,DODGE,AVENGER FFV,MID-SIZE,3.6,6.0,A6,E,17.0,11.2,14.4,20,230.0
297,2014,DODGE,CHALLENGER,MID-SIZE,3.6,6.0,A5,X,13.2,8.7,11.2,25,258.0
298,2014,DODGE,CHALLENGER,MID-SIZE,5.7,8.0,M6,X,15.6,10.0,13.1,22,301.0
299,2014,DODGE,CHALLENGER (MDS),MID-SIZE,5.7,8.0,A5,X,15.8,9.2,12.8,22,294.0
300,2014,DODGE,CHALLENGER SRT,MID-SIZE,6.4,8.0,M6,Z,16.8,10.4,13.9,20,320.0
301,2014,DODGE,CHALLENGER SRT (MDS),MID-SIZE,6.4,8.0,A5,Z,16.7,10.3,13.8,20,317.0
302,2014,DODGE,CHARGER,FULL-SIZE,3.6,6.0,A5,X,13.2,8.7,11.2,25,258.0
303,2014,DODGE,CHARGER,FULL-SIZE,3.6,,A8,X,12.4,7.7,10.3,27,237.0
304,2014,DODGE,CHARGER (MDS),FULL-SIZE,5.7,8.0,A5,X,15.8,9.2,12.8,22,
305,2014,DODGE,CHARGER AWD,FULL-SIZE,3.6,6.0,A8,X,12.8,8.6,10.9,26,251.0
306,2014,DODGE,CHARGER AWD (MDS),FULL-SIZE,,8.0,A5,X,16.1,10.0,13.4,21,308.0
307,2014,DODGE,CHARGER AWD FFV,FULL-SIZE,3.6,6.0,A8,X,12.8,8.6,10.9,26,251.0
308,2014,DODGE,CHARGER AWD FFV,FULL-SIZE,3.6,6.0,A8,E,17.3,11.7,14.8,19,237.0
309,2014,DODGE,CHARGER FFV,FULL-SIZE,3.6,6.0,A5,X,13.2,8.7,11.2,25,258.0
310,2014,DODGE,CHARGER FFV,FULL-SIZE,3.6,6.0,A5,E,18.3,12.6,15.7,18,251.0
311,2014,DODGE,CHARGER FFV,FULL-SIZE,3.6,6.0,A8,X,12.3,7.6,10.2,28,235.0
312,2014,DODGE,CHARGER FFV,FULL-SIZE,3.6,6.0,A8,E,16.8,10.3,13.9,20,222.0
313,2014,DODGE,CHARGER SRT (MDS),FULL-SIZE,6.4,8.0,A5,Z,16.7,10.3,13.8,20,317.0
314,2014,DODGE,DART,MID-SIZE,2.0,4.0,M6,X,9.4,6.5,8.1,35,186.0
315,2014,DODGE,DART,MID-SIZE,2.4,4.0,A6,X,10.1,6.8,8.6,33,198.0
316,2014,DODGE,DART,MID-SIZE,2.4,4.0,M6,X,10.5,6.7,8.8,32,202.0
317,2014,DODGE,DART FFV,MID-SIZE,2.0,4.0,A6,X,9.9,7.0,8.6,33,198.0
318,2014,DODGE,DART FFV,MID-SIZE,2.0,,A6,E,14.2,9.8,12.2,23,195.0
319,2014,DODGE,DART GT,MID-SIZE,2.4,4.0,A6,,10.6,7.5,9.2,31,212.0
320,2014,DODGE,DART GT,MID-SIZE,,4.0,M6,X,10.2,7.0,8.8,32,202.0
321,2014,DODGE,DART TURBO AERO,MID-SIZE,1.4,4.0,AM6,X,8.4,5.9,7.3,39,168.0
322,2014,DODGE,DART TURBO AERO,MID-SIZE,1.4,4.0,M6,X,8.5,5.8,7.3,39,168.0
323,2014,DODGE,DURANGO AWD (MDS),SUV - STANDARD,5.7,8.0,A8,X,17.3,10.8,14.4,20,
324,2014,DODGE,DURANGO AWD FFV,SUV - STANDARD,3.6,6.0,A8,,13.9,9.8,12.1,23,278.0
325,2014,DODGE,DURANGO AWD FFV,SUV - STANDARD,3.6,,A8,E,17.7,13.0,15.6,18,250.0
326,2014,DODGE,GRAND CARAVAN FFV,MINIVAN,3.6,6.0,A6,X,13.7,9.4,11.8,24,271.0
327,2014,DODGE,GRAND CARAVAN FFV,MINIVAN,3.6,6.0,A6,E,19.2,13.1,16.5,17,
328,2014,DODGE,JOURNEY,SUV - SMALL,2.4,4.0,A4,X,12.7,9.1,11.1,25,
329,2014,DODGE,JOURNEY AWD,SUV - SMALL,3.6,6.0,A6,X,14.5,9.9,12.4,23,285.0
330,2014,DODGE,JOURNEY FFV,SUV - SMALL,3.6,6.0,A6,X,14.2,9.4,12.0,24,276.0
331,2014,DODGE,JOURNEY FFV,SUV - SMALL,3.6,6.0,A6,E,18.9,12.9,16.2,17,259.0
332,2014,FIAT,500 ABARTH CABRIO,MINICOMPACT,1.4,4.0,M5,X,8.5,6.9,7.8,36,179.0
333,2014,FIAT,500 ABARTH HATCHBACK,MINICOMPACT,1.4,4.0,M5,X,8.5,6.9,7.8,36,179.0
334,2014,FIAT,500 CABRIO,MINICOMPACT,1.4,4.0,A6,X,8.7,6.9,7.9,36,
335,2014,FIAT,,MINICOMPACT,1.4,4.0,M5,,7.9,6.3,7.2,39,166.0
336,2014,FIAT,500 CABRIO TURBO,MINICOMPACT,1.4,4.0,M5,X,8.5,6.9,7.8,36,179.0
337,2014,FIAT,500 HATCHBACK,MINICOMPACT,1.4,4.0,A6,X,8.7,6.9,7.9,36,182.0
338,2014,FIAT,500 HATCHBACK,MINICOMPACT,1.4,4.0,M5,X,7.6,5.9,6.8,42,
339,2014,FIAT,500 HATCHBACK TURBO,MINICOMPACT,1.4,4.0,M5,X,8.5,6.9,7.8,36,179.0
340,2014,FIAT,500L TURBO,STATION WAGON - SMALL,,4.0,AM6,X,10.0,7.2,8.7,32,200.0
341,2014,FIAT,500L TURBO,STATION WAGON - SMALL,1.4,4.0,M6,X,9.3,7.2,8.4,34,193.0
342,2014,FORD,C-MAX HYBRID,FULL-SIZE,2.0,4.0,AV,X,5.6,6.4,6.0,47,138.0
343,2014,FORD,,VAN - CARGO,4.6,8.0,A4,X,17.7,14.4,16.2,17,373.0
344,2014,FORD,E150 VAN FFV,VAN - CARGO,4.6,8.0,A4,E,24.1,19.2,21.9,13,350.0
345,2014,FORD,E150 VAN FFV,VAN - CARGO,5.4,,A4,X,19.3,14.7,17.2,16,396.0
346,2014,FORD,E150 VAN FFV,VAN - CARGO,5.4,8.0,A4,E,24.9,19.6,22.5,13,360.0
347,2014,FORD,E150 WAGON FFV,VAN - PASSENGER,4.6,8.0,A4,X,18.6,14.6,16.8,17,386.0
348,2014,FORD,E150 WAGON FFV,VAN - PASSENGER,4.6,8.0,A4,E,25.5,20.0,23.0,12,368.0
349,2014,FORD,E350 WAGON,VAN - PASSENGER,6.8,10.0,A5,X,23.9,17.8,21.2,13,
350,2014,FORD,E350 WAGON FFV,VAN - PASSENGER,5.4,8.0,A4,X,20.6,15.5,18.3,15,421.0
351,2014,FORD,E350 WAGON FFV,VAN - PASSENGER,5.4,8.0,A4,E,26.7,20.5,23.9,12,382.0
352,2014,FORD,EDGE,SUV - SMALL,2.0,4.0,A6,X,11.3,7.9,9.8,29,225.0
353,2014,FORD,EDGE,SUV - SMALL,3.5,6.0,AS6,X,12.6,8.7,10.8,26,248.0
354,2014,FORD,EDGE AWD,SUV - SMALL,3.5,6.0,AS6,X,13.3,9.3,11.5,25,264.0
355,2014,FORD,EDGE AWD,SUV - SMALL,3.7,6.0,AS6,X,13.7,10.4,12.2,23,281.0
356,2014,FORD,ESCAPE,SUV - SMALL,1.6,4.0,AS6,X,10.4,7.4,9.1,31,209.0
357,2014,FORD,ESCAPE,SUV - SMALL,2.0,4.0,AS6,X,10.9,8.0,9.6,29,221.0
358,2014,FORD,ESCAPE,SUV - SMALL,2.5,,AS6,X,10.9,7.5,9.4,30,216.0
359,2014,FORD,ESCAPE AWD,SUV - SMALL,1.6,,AS6,X,10.5,7.9,9.3,30,
360,2014,FORD,ESCAPE AWD,SUV - SMALL,2.0,4.0,AS6,X,11.2,8.5,10.0,28,230.0
361,2014,FORD,EXPEDITION 4X4 FFV,SUV - STANDARD,5.4,8.0,A6,X,18.2,13.3,16.0,18,368.0
362,2014,FORD,EXPEDITION 4X4 FFV,SUV - STANDARD,5.4,8.0,A6,E,24.5,18.0,21.6,13,346.0
363,2014,FORD,EXPLORER,SUV - STANDARD,2.0,4.0,A6,X,11.8,8.3,10.2,28,235.0
364,2014,FORD,EXPLORER AWD,SUV - STANDARD,3.5,6.0,AS6,X,14.8,10.7,13.0,22,299.0
365,2014,FORD,EXPLORER FFV,SUV - STANDARD,3.5,6.0,AS6,X,13.7,9.7,11.9,24,274.0
366,2014,FORD,EXPLORER FFV,SUV - STANDARD,3.5,6.0,AS6,E,18.3,12.9,15.9,18,254.0
367,2014,FORD,EXPLORER FFV AWD,SUV - STANDARD,3.5,6.0,AS6,X,14.3,10.3,12.5,23,288.0
368,2014,FORD,EXPLORER FFV AWD,SUV - STANDARD,3.5,6.0,AS6,E,18.9,13.9,16.7,17,
369,2014,FORD,F150,PICKUP TRUCK - STANDARD,3.5,6.0,A6,X,14.5,10.6,12.7,22,292.0
370,2014,FORD,F150,PICKUP TRUCK - STANDARD,3.5,6.0,AS6,X,14.6,10.6,12.8,22,294.0
371,2014,FORD,F150,PICKUP TRUCK - STANDARD,6.2,8.0,AS6,X,18.3,12.9,15.9,18,366.0
372,2014,FORD,F150 4X4,PICKUP TRUCK - STANDARD,3.5,6.0,A6,X,15.9,11.3,13.8,20,317.0
373,2014,FORD,F150 4X4,PICKUP TRUCK - STANDARD,3.5,6.0,AS6,X,15.4,11.0,13.4,21,308.0
374,2014,FORD,F150 4X4,PICKUP TRUCK - STANDARD,6.2,8.0,AS6,X,20.1,14.4,17.5,16,402.0
375,2014,FORD,F150 FFV,PICKUP TRUCK - STANDARD,3.7,6.0,A6,X,14.0,10.3,12.3,23,283.0
376,2014,FORD,F150 FFV,PICKUP TRUCK - STANDARD,3.7,6.0,A6,E,18.8,13.7,16.5,17,264.0
377,2014,FORD,F150 FFV,PICKUP TRUCK - STANDARD,3.7,6.0,AS6,X,14.0,10.3,12.3,23,283.0
378,2014,FORD,F150 FFV,PICKUP TRUCK - STANDARD,,6.0,AS6,E,18.8,13.7,16.5,17,264.0
379,2014,FORD,F150 FFV,PICKUP TRUCK - STANDARD,5.0,8.0,A6,X,16.4,12.3,14.6,19,336.0
380,2014,FORD,F150 FFV,PICKUP TRUCK - STANDARD,,8.0,A6,E,22.1,16.7,19.7,14,315.0
381,2014,FORD,F150 FFV,PICKUP TRUCK - STANDARD,5.0,8.0,AS6,X,16.4,12.3,14.6,19,336.0
382,2014,FORD,F150 FFV,PICKUP TRUCK - STANDARD,5.0,8.0,AS6,E,22.1,16.7,19.7,14,315.0
383,2014,FORD,F150 FFV 4X4,PICKUP TRUCK - STANDARD,3.7,6.0,A6,X,15.0,11.4,13.4,21,308.0
384,2014,FORD,F150 FFV 4X4,PICKUP TRUCK - STANDARD,3.7,6.0,A6,E,20.2,15.3,18.0,16,288.0
385,2014,FORD,F150 FFV 4X4,PICKUP TRUCK - STANDARD,3.7,6.0,AS6,X,15.0,11.4,13.4,21,308.0
386,2014,FORD,F150 FFV 4X4,PICKUP TRUCK - STANDARD,3.7,6.0,AS6,E,20.2,15.3,18.0,16,288.0
387,2014,FORD,F150 FFV 4X4,PICKUP TRUCK - STANDARD,5.0,8.0,A6,X,16.8,12.6,14.9,19,343.0
388,2014,FORD,F150 FFV 4X4,PICKUP TRUCK - STANDARD,5.0,8.0,A6,E,22.4,17.0,20.0,14,320.0
389,2014,FORD,F150 FFV 4X4,PICKUP TRUCK - STANDARD,5.0,8.0,AS6,X,16.7,12.5,14.8,19,340.0
390,2014,FORD,F150 FFV 4X4,PICKUP TRUCK - STANDARD,5.0,8.0,AS6,E,22.4,16.9,19.9,14,318.0
391,2014,FORD,F150 RAPTOR 4X4,PICKUP TRUCK - STANDARD,6.2,8.0,AS6,X,20.4,15.0,18.0,16,414.0
392,2014,FORD,FIESTA,SUBCOMPACT,1.6,4.0,AS6,X,8.5,6.5,7.6,37,175.0
393,2014,FORD,FIESTA,SUBCOMPACT,1.6,4.0,M5,X,8.6,6.4,7.6,37,175.0
394,2014,FORD,FIESTA SFE,SUBCOMPACT,1.0,4.0,M5,X,7.5,5.5,6.6,43,152.0
395,2014,FORD,FIESTA SFE,SUBCOMPACT,1.6,4.0,AS6,X,8.0,5.8,7.0,40,161.0
396,2014,FORD,FIESTA ST,COMPACT,1.6,4.0,M6,X,8.9,6.8,8.0,35,184.0
397,2014,FORD,FLEX,SUV - STANDARD,3.5,6.0,AS6,X,13.2,9.4,11.5,25,264.0
398,2014,FORD,FLEX AWD,SUV - STANDARD,3.5,6.0,AS6,X,13.7,10.2,12.1,23,
399,2014,FORD,FLEX AWD (EcoBoost),SUV - STANDARD,3.5,6.0,AS6,X,14.8,10.4,12.8,22,
400,2014,FORD,FOCUS,COMPACT,2.0,4.0,M6,,10.2,7.4,8.9,32,205.0
401,2014,FORD,FOCUS FFV,COMPACT,2.0,4.0,A6,X,8.8,6.4,7.7,37,177.0
402,2014,FORD,FOCUS FFV,COMPACT,2.0,,A6,E,11.7,8.5,10.3,27,165.0
403,2014,FORD,FOCUS FFV,COMPACT,2.0,4.0,AS6,X,8.9,6.4,7.8,36,179.0
404,2014,FORD,FOCUS FFV,COMPACT,2.0,,AS6,E,11.7,8.5,10.3,27,165.0
405,2014,FORD,FOCUS FFV,COMPACT,2.0,4.0,M5,X,9.1,6.6,8.0,35,184.0
406,2014,FORD,FOCUS FFV,COMPACT,2.0,4.0,M5,E,11.9,8.9,10.6,27,170.0
407,2014,FORD,FOCUS SFE FFV,COMPACT,2.0,4.0,A6,X,8.4,5.8,7.2,39,166.0
408,2014,FORD,FOCUS SFE FFV,COMPACT,2.0,4.0,A6,E,11.6,8.3,10.1,28,162.0
409,2014,FORD,FUSION,MID-SIZE,1.5,4.0,AS6,X,10.1,6.6,8.5,33,196.0
410,2014,FORD,FUSION,MID-SIZE,1.6,4.0,M6,X,9.4,6.4,8.1,35,186.0
411,2014,FORD,FUSION,MID-SIZE,2.0,4.0,AS6,X,10.5,7.1,9.0,31,207.0
412,2014,FORD,FUSION,MID-SIZE,2.5,4.0,AS6,X,10.5,7.0,8.9,32,205.0
413,2014,FORD,FUSION (Start/Stop),MID-SIZE,1.5,4.0,AS6,X,9.5,6.3,8.1,35,186.0
414,2014,FORD,FUSION AWD,MID-SIZE,2.0,4.0,AS6,,10.9,7.5,9.4,30,216.0
415,2014,FORD,FUSION HYBRID,MID-SIZE,2.0,4.0,AV,X,5.3,5.7,5.5,51,126.0
416,2014,FORD,,SUBCOMPACT,3.7,6.0,A6,X,12.1,7.8,10.2,28,235.0
417,2014,FORD,MUSTANG,SUBCOMPACT,3.7,6.0,M6,X,12.7,8.1,10.6,27,244.0
418,2014,FORD,MUSTANG,SUBCOMPACT,5.0,8.0,A6,X,13.3,9.3,11.5,25,264.0
419,2014,FORD,MUSTANG,SUBCOMPACT,5.0,8.0,M6,X,15.4,9.4,12.7,22,292.0
420,2014,FORD,MUSTANG,SUBCOMPACT,5.8,8.0,M6,Z,15.9,9.9,13.2,21,304.0
421,2014,FORD,MUSTANG CONVERTIBLE,SUBCOMPACT,3.7,6.0,A6,X,12.5,8.2,10.6,27,244.0
422,2014,FORD,TAURUS,FULL-SIZE,2.0,4.0,AS6,X,10.5,7.3,9.1,31,209.0
423,2014,FORD,TAURUS AWD,FULL-SIZE,3.5,6.0,AS6,X,13.7,9.4,11.8,24,271.0
424,2014,FORD,TAURUS FFV,FULL-SIZE,3.5,6.0,AS6,X,12.1,8.1,10.3,27,
425,2014,FORD,TAURUS FFV,FULL-SIZE,3.5,6.0,AS6,E,17.0,11.1,14.3,20,229.0
426,2014,FORD,TAURUS FFV AWD,FULL-SIZE,3.5,6.0,AS6,X,13.0,9.1,11.2,25,258.0
427,2014,FORD,TAURUS FFV AWD,FULL-SIZE,3.5,6.0,AS6,E,18.4,12.5,15.7,18,251.0
428,2014,FORD,TRANSIT CONNECT,SPECIAL PURPOSE VEHICLE,1.6,4.0,AS6,X,10.8,8.0,9.5,30,218.0
429,2014,FORD,TRANSIT CONNECT,SPECIAL PURPOSE VEHICLE,2.5,4.0,AS6,X,11.3,8.2,9.9,29,228.0
430,2014,FORD,TRANSIT CONNECT TAXI,SPECIAL PURPOSE VEHICLE,1.6,4.0,AS6,X,11.5,8.3,10.1,28,232.0
431,2014,FORD,TRANSIT CONNECT WAGON,SPECIAL PURPOSE VEHICLE,2.5,4.0,AS6,X,11.9,8.5,10.4,27,239.0
432,2014,GMC,ACADIA,SUV - STANDARD,3.6,6.0,A6,,14.3,9.9,12.3,23,
433,2014,GMC,ACADIA AWD,SUV - STANDARD,3.6,6.0,A6,X,14.9,10.4,12.9,22,297.0
434,2014,GMC,SAVANA 1500 CARGO,VAN - CARGO,4.3,6.0,A4,X,17.1,12.7,15.1,19,347.0
435,2014,GMC,SAVANA 1500 CARGO,VAN - CARGO,5.3,8.0,A4,X,18.0,13.4,15.9,18,366.0
436,2014,GMC,SAVANA 1500 CARGO,VAN - CARGO,5.3,8.0,A4,E,23.5,17.7,20.9,14,334.0
437,2014,GMC,SAVANA 1500 CARGO AWD,VAN - CARGO,5.3,8.0,A4,X,18.3,14.2,16.5,17,380.0
438,2014,GMC,SAVANA 1500 CARGO AWD,VAN - CARGO,5.3,8.0,A4,E,23.7,18.8,21.5,13,344.0
439,2014,GMC,SAVANA 1500 CARGO CONV,VAN - CARGO,,8.0,A4,X,18.6,13.9,16.5,17,380.0
440,2014,GMC,SAVANA 1500 CARGO CONV,VAN - CARGO,5.3,8.0,A4,E,23.9,18.5,21.5,13,344.0
441,2014,GMC,SAVANA 1500 CARGO CONV AWD,VAN - CARGO,,8.0,A4,X,18.3,14.2,16.5,17,380.0
442,2014,GMC,SAVANA 1500 CARGO CONV AWD,VAN - CARGO,5.3,8.0,A4,E,25.3,19.3,22.6,12,362.0
443,2014,GMC,SAVANA 1500 PASSENGER,VAN - PASSENGER,5.3,8.0,A4,,18.6,13.9,16.5,17,380.0
444,2014,GMC,SAVANA 1500 PASSENGER,VAN - PASSENGER,5.3,8.0,A4,E,23.9,18.5,21.5,13,344.0
445,2014,GMC,SAVANA 1500 PASSENGER AWD,VAN - PASSENGER,5.3,8.0,A4,X,18.3,14.2,16.5,17,380.0
446,2014,GMC,SAVANA 1500 PASSENGER AWD,VAN - PASSENGER,5.3,8.0,A4,E,25.3,19.3,22.6,12,362.0
447,2014,GMC,SAVANA 2500 PASSENGER,VAN - PASSENGER,4.8,8.0,A6,X,21.1,14.2,18.0,16,414.0
448,2014,GMC,SAVANA 2500 PASSENGER,VAN - PASSENGER,6.0,8.0,A6,X,21.9,15.0,18.8,15,432.0
449,2014,GMC,SAVANA 2500 PASSENGER,VAN - PASSENGER,6.0,8.0,A6,E,30.0,20.4,25.7,11,411.0
450,2014,GMC,SAVANA 3500 PASSENGER,VAN - PASSENGER,4.8,8.0,A6,X,21.3,14.3,18.2,16,419.0
451,2014,GMC,SAVANA 3500 PASSENGER,VAN - PASSENGER,6.0,8.0,A6,X,22.1,15.0,18.9,15,435.0
452,2014,GMC,SAVANA 3500 PASSENGER,VAN - PASSENGER,,8.0,A6,E,30.2,20.5,25.8,11,413.0
453,2014,GMC,SIERRA,PICKUP TRUCK - STANDARD,4.3,6.0,A6,X,13.4,9.9,11.8,24,271.0
454,2014,GMC,SIERRA,PICKUP TRUCK - STANDARD,4.3,6.0,A6,E,18.9,14.2,16.8,17,269.0
455,2014,GMC,SIERRA,PICKUP TRUCK - STANDARD,,8.0,A6,X,14.6,10.3,12.7,22,292.0
456,2014,GMC,SIERRA,PICKUP TRUCK - STANDARD,5.3,8.0,A6,,19.5,13.7,16.9,17,270.0
457,2014,GMC,SIERRA,PICKUP TRUCK - STANDARD,6.2,8.0,A6,Z,16.3,11.4,14.1,20,324.0
458,2014,GMC,SIERRA 4WD,PICKUP TRUCK - STANDARD,4.3,6.0,A6,X,14.2,10.6,12.6,22,290.0
459,2014,GMC,,PICKUP TRUCK - STANDARD,4.3,6.0,A6,E,20.0,15.1,17.8,16,285.0
460,2014,GMC,SIERRA 4WD,PICKUP TRUCK - STANDARD,5.3,8.0,A6,X,14.9,10.6,13.0,22,299.0
461,2014,GMC,SIERRA 4WD,PICKUP TRUCK - STANDARD,5.3,8.0,A6,E,19.9,14.2,17.3,16,277.0
462,2014,GMC,SIERRA 4WD,PICKUP TRUCK - STANDARD,6.2,8.0,A6,,16.4,11.7,14.3,20,329.0
463,2014,GMC,TERRAIN,SUV - SMALL,2.4,4.0,A6,X,10.5,7.3,9.1,31,209.0
464,2014,GMC,TERRAIN,SUV - SMALL,3.6,6.0,A6,X,13.9,9.6,12.0,24,276.0
465,2014,GMC,TERRAIN,SUV - SMALL,3.6,6.0,A6,E,18.8,13.1,16.2,17,259.0
466,2014,GMC,TERRAIN AWD,SUV - SMALL,2.4,4.0,A6,X,11.5,8.2,10.0,28,230.0
467,2014,GMC,TERRAIN AWD,SUV - SMALL,3.6,6.0,A6,X,14.8,9.9,12.6,22,290.0
468,2014,GMC,TERRAIN AWD,SUV - SMALL,3.6,6.0,A6,E,19.8,13.6,17.0,17,272.0
469,2014,GMC,YUKON,SUV - STANDARD,5.3,8.0,A6,X,16.0,11.1,13.8,20,317.0
470,2014,GMC,YUKON,SUV - STANDARD,5.3,8.0,A6,E,21.5,14.6,18.4,15,294.0
471,2014,GMC,YUKON 4WD,SUV - STANDARD,5.3,8.0,A6,X,16.0,11.1,13.8,20,317.0
472,2014,GMC,YUKON 4WD,SUV - STANDARD,5.3,8.0,A6,E,21.5,14.6,18.4,15,294.0
473,2014,GMC,YUKON DENALI AWD,SUV - STANDARD,,8.0,A6,Z,17.0,11.8,14.7,19,338.0
474,2014,GMC,YUKON DENALI AWD,SUV - STANDARD,6.2,8.0,A6,E,23.3,16.1,20.1,14,322.0
475,2014,GMC,YUKON DENALI XL AWD,SUV - STANDARD,6.2,8.0,A6,Z,18.8,13.4,16.4,17,377.0
476,2014,GMC,YUKON DENALI XL AWD,SUV - STANDARD,6.2,8.0,A6,E,25.7,17.8,22.1,13,354.0
477,2014,GMC,YUKON XL,SUV - STANDARD,5.3,8.0,A6,X,16.0,11.1,13.8,20,317.0
478,2014,GMC,YUKON XL,SUV - STANDARD,5.3,8.0,A6,E,21.5,14.6,18.4,15,294.0
479,2014,GMC,YUKON XL 4WD,SUV - STANDARD,5.3,8.0,A6,X,16.0,11.1,13.8,20,317.0
480,2014,GMC,YUKON XL 4WD,SUV - STANDARD,5.3,,A6,E,21.5,14.6,18.4,15,294.0
481,2014,HONDA,ACCORD,MID-SIZE,2.4,4.0,AV,X,9.0,6.6,7.9,36,182.0
482,2014,HONDA,ACCORD,MID-SIZE,2.4,4.0,AV7,X,9.1,6.9,8.1,35,186.0
483,2014,HONDA,ACCORD,MID-SIZE,2.4,4.0,M6,X,10.1,6.9,8.7,32,200.0
484,2014,HONDA,ACCORD,MID-SIZE,3.5,6.0,A6,X,11.0,6.8,9.1,31,209.0
485,2014,HONDA,ACCORD,MID-SIZE,3.5,6.0,AS6,X,11.4,7.3,9.6,29,
486,2014,HONDA,ACCORD,MID-SIZE,,6.0,M6,X,13.0,8.4,10.9,26,251.0
487,2014,HONDA,ACCORD HYBRID,MID-SIZE,2.0,4.0,AV,X,4.7,4.9,4.8,59,110.0
488,2014,HONDA,CIVIC,COMPACT,1.8,4.0,AV,X,7.9,6.0,7.0,40,161.0
489,2014,HONDA,CIVIC,COMPACT,1.8,4.0,AV7,X,8.1,6.2,7.2,39,166.0
490,2014,HONDA,CIVIC,COMPACT,1.8,4.0,M5,X,8.5,6.6,7.6,37,175.0
491,2014,HONDA,CROSSTOUR AWD,SUV - SMALL,3.5,6.0,A6,X,12.5,8.5,10.7,26,246.0
492,2014,HONDA,CR-V,SUV - SMALL,2.4,4.0,A5,X,10.3,7.6,9.1,31,209.0
493,2014,HONDA,CR-V AWD,SUV - SMALL,2.4,4.0,A5,X,10.6,7.9,9.4,30,216.0
494,2014,HONDA,CR-Z,TWO-SEATER,1.5,4.0,AV7,X,6.6,6.0,6.3,45,145.0
495,2014,HONDA,CR-Z,TWO-SEATER,1.5,4.0,M6,X,7.6,6.1,6.9,41,159.0
496,2014,HONDA,FIT,STATION WAGON - SMALL,1.5,4.0,A5,X,8.3,6.5,7.5,38,172.0
497,2014,HONDA,FIT,STATION WAGON - SMALL,1.5,4.0,M5,X,8.3,6.9,7.7,37,177.0
498,2014,HONDA,ODYSSEY,MINIVAN,,6.0,A6,X,12.3,8.5,10.6,27,244.0
499,2014,HONDA,PILOT,SUV - SMALL,3.5,6.0,A5,X,13.3,9.3,11.5,25,265.0
500,2014,HONDA,PILOT AWD,SUV - SMALL,3.5,6.0,A5,X,13.9,9.7,12.0,24,
501,2014,HONDA,RIDGELINE AWD,PICKUP TRUCK - STANDARD,3.5,6.0,A5,X,15.2,11.3,13.4,21,308.0
502,2014,HYUNDAI,ACCENT,COMPACT,1.6,4.0,A6,X,8.8,6.3,7.7,37,177.0
503,2014,HYUNDAI,ACCENT,COMPACT,1.6,4.0,M6,X,8.7,6.4,7.7,37,177.0
504,2014,HYUNDAI,ELANTRA GT,MID-SIZE,2.0,4.0,A6,,9.8,7.2,8.6,33,198.0
505,2014,HYUNDAI,ELANTRA GT,MID-SIZE,2.0,4.0,M6,X,9.8,7.0,8.5,33,196.0
506,2014,HYUNDAI,EQUUS,FULL-SIZE,5.0,8.0,A8,Z,15.7,10.2,13.2,21,304.0
507,2014,HYUNDAI,GENESIS,FULL-SIZE,3.8,6.0,A8,X,13.0,8.7,11.1,25,255.0
508,2014,HYUNDAI,SANTA FE,SUV - SMALL,3.3,6.0,A6,X,13.0,9.1,11.2,25,258.0
509,2014,HYUNDAI,SANTA FE 4WD,SUV - SMALL,3.3,6.0,A6,X,13.3,9.5,11.6,24,267.0
510,2014,HYUNDAI,SANTA FE SPORT,SUV - SMALL,2.4,4.0,A6,X,11.6,8.7,10.3,27,237.0
511,2014,HYUNDAI,SANTA FE SPORT 4WD,SUV - SMALL,2.0,4.0,A6,X,12.9,9.7,11.5,25,264.0
512,2014,HYUNDAI,SANTA FE SPORT 4WD,SUV - SMALL,2.4,,A6,X,12.5,9.4,11.1,25,255.0
513,2014,HYUNDAI,SONATA,FULL-SIZE,2.0,4.0,A6,X,11.4,7.5,9.6,29,221.0
514,2014,HYUNDAI,SONATA,FULL-SIZE,2.4,4.0,A6,X,9.8,7.0,8.5,33,196.0
515,2014,HYUNDAI,SONATA HYBRID,MID-SIZE,2.4,4.0,AS6,X,6.5,5.9,6.2,46,143.0
516,2014,HYUNDAI,SONATA HYBRID LIMITED,MID-SIZE,2.4,4.0,AS6,X,6.6,5.9,6.3,45,145.0
517,2014,HYUNDAI,TUCSON,SUV - SMALL,2.0,4.0,A6,X,10.2,8.2,9.3,30,
518,2014,HYUNDAI,TUCSON,SUV - SMALL,2.0,4.0,M6,X,11.4,8.6,10.1,28,232.0
519,2014,HYUNDAI,TUCSON,SUV - SMALL,2.4,4.0,A6,X,11.3,8.3,10.0,28,230.0
520,2014,HYUNDAI,TUCSON 4WD,SUV - SMALL,2.0,4.0,A6,X,11.4,9.3,10.5,27,
521,2014,HYUNDAI,TUCSON 4WD,SUV - SMALL,2.4,4.0,A6,,11.6,9.3,10.6,27,244.0
522,2014,HYUNDAI,VELOSTER,COMPACT,1.6,4.0,AM6,X,8.6,6.6,7.7,37,177.0
523,2014,HYUNDAI,VELOSTER,COMPACT,1.6,4.0,M6,X,9.1,6.7,8.0,35,184.0
524,2014,HYUNDAI,VELOSTER TURBO,COMPACT,1.6,4.0,A6,X,9.9,7.5,8.8,32,202.0
525,2014,HYUNDAI,VELOSTER TURBO,COMPACT,1.6,4.0,M6,X,9.7,7.1,8.5,33,196.0
526,2014,INFINITI,Q50,MID-SIZE,3.7,,AS7,Z,12.0,8.0,10.2,28,235.0
527,2014,INFINITI,Q50 AWD,MID-SIZE,3.7,6.0,AS7,Z,12.6,8.7,10.8,26,248.0
528,2014,INFINITI,Q50 HYBRID,COMPACT,3.5,6.0,AS7,,8.2,6.7,7.5,38,172.0
529,2014,INFINITI,Q50 HYBRID AWD,COMPACT,3.5,6.0,AS7,Z,8.7,7.5,8.2,34,189.0
530,2014,INFINITI,Q60 AWD COUPE,SUBCOMPACT,3.7,6.0,AS7,Z,13.3,9.4,11.5,25,
531,2014,INFINITI,Q60 CONVERTIBLE,SUBCOMPACT,3.7,6.0,AS7,Z,13.6,9.3,11.7,24,269.0
532,2014,INFINITI,,SUBCOMPACT,3.7,6.0,M6,Z,14.3,9.8,12.3,23,283.0
533,2014,INFINITI,Q60 COUPE,SUBCOMPACT,3.7,6.0,AS7,Z,12.9,8.9,11.1,25,255.0
534,2014,INFINITI,Q60 COUPE,SUBCOMPACT,3.7,6.0,M6,Z,13.5,9.3,11.6,24,267.0
535,2014,INFINITI,Q70,MID-SIZE,3.7,,AS7,Z,12.8,8.9,11.0,26,253.0
536,2014,INFINITI,Q70,MID-SIZE,5.6,8.0,AS7,Z,14.5,9.5,12.3,23,283.0
537,2014,INFINITI,Q70 AWD,MID-SIZE,3.7,6.0,AS7,Z,13.2,9.6,11.6,24,267.0
538,2014,INFINITI,Q70 AWD,MID-SIZE,5.6,8.0,AS7,Z,15.0,10.2,12.8,22,294.0
539,2014,INFINITI,Q70 HYBRID,MID-SIZE,3.5,6.0,AS7,Z,8.0,7.0,7.6,37,175.0
540,2014,INFINITI,QX50 AWD,STATION WAGON - SMALL,3.7,6.0,AS7,Z,13.6,9.6,11.8,24,271.0
541,2014,INFINITI,QX60,SUV - SMALL,3.5,6.0,AV,,11.9,9.0,10.6,27,244.0
542,2014,INFINITI,QX60 AWD,SUV - SMALL,3.5,6.0,AV,Z,12.3,9.3,11.0,26,253.0
543,2014,INFINITI,QX60 HYBRID AWD,SUV - STANDARD,2.5,4.0,AV,X,8.8,8.2,8.5,33,196.0
544,2014,INFINITI,QX70 AWD,SUV - SMALL,3.7,6.0,AS7,Z,14.5,10.7,12.8,22,294.0
545,2014,INFINITI,QX70 AWD,SUV - SMALL,5.0,8.0,AS7,Z,16.6,11.9,14.5,19,334.0
546,2014,INFINITI,QX80 4WD,SUV - STANDARD,5.6,8.0,AS7,Z,17.4,12.1,15.0,19,345.0
547,2014,JAGUAR,F-TYPE CONVERTIBLE,TWO-SEATER,3.0,6.0,AS8,Z,11.8,8.4,10.3,27,
548,2014,JAGUAR,F-TYPE S CONVERTIBLE,TWO-SEATER,,6.0,AS8,Z,12.2,8.7,10.6,27,244.0
549,2014,JAGUAR,F-TYPE V8 S CONVERTIBLE,TWO-SEATER,5.0,8.0,AS8,,15.0,10.2,12.8,22,294.0
550,2014,JAGUAR,XF,MID-SIZE,2.0,4.0,AS8,Z,12.3,8.2,10.5,27,
551,2014,JAGUAR,XF 3.0L AWD,MID-SIZE,3.0,6.0,AS8,Z,14.7,9.1,12.2,23,281.0
552,2014,JAGUAR,XFR,MID-SIZE,5.0,8.0,AS8,Z,15.7,10.3,13.3,21,306.0
553,2014,JAGUAR,XFR,MID-SIZE,5.0,8.0,AS8,E,21.3,14.1,18.1,16,290.0
554,2014,JAGUAR,XFR-S,MID-SIZE,5.0,8.0,AS8,Z,15.7,10.3,13.3,21,
555,2014,JAGUAR,XJ AWD,FULL-SIZE,3.0,6.0,AS8,,14.6,9.6,12.4,23,
556,2014,JAGUAR,XJ SUPERCHARGED,FULL-SIZE,5.0,8.0,AS8,Z,15.8,10.2,13.3,21,306.0
557,2014,JAGUAR,XJ SUPERCHARGED,FULL-SIZE,5.0,8.0,AS8,E,20.6,13.6,17.5,16,280.0
558,2014,JAGUAR,XJL AWD PORTFOLIO,FULL-SIZE,3.0,6.0,AS8,Z,14.7,9.6,12.4,23,285.0
559,2014,JAGUAR,XJL SUPERCHARGED,FULL-SIZE,5.0,8.0,AS8,Z,15.8,10.2,13.3,21,306.0
560,2014,JAGUAR,XJL SUPERCHARGED,FULL-SIZE,5.0,8.0,AS8,E,20.6,13.6,17.5,16,280.0
561,2014,JAGUAR,XJR,FULL-SIZE,5.0,8.0,AS8,Z,15.8,10.2,13.3,21,306.0
562,2014,JAGUAR,XJR LWB,FULL-SIZE,5.0,8.0,AS8,Z,15.8,10.2,13.3,21,306.0
563,2014,JAGUAR,XK CONVERTIBLE,MINICOMPACT,5.0,8.0,AS6,Z,15.1,10.6,13.1,22,301.0
564,2014,JAGUAR,XK COUPE,MINICOMPACT,5.0,8.0,AS6,Z,14.8,9.9,12.6,22,290.0
565,2014,JAGUAR,XKR CONVERTIBLE,MINICOMPACT,5.0,8.0,AS6,Z,15.9,10.9,13.7,21,315.0
566,2014,JAGUAR,XKR COUPE,MINICOMPACT,5.0,8.0,AS6,Z,15.6,10.9,13.5,21,310.0
567,2014,JAGUAR,XKR-S CONVERTIBLE,MINICOMPACT,5.0,8.0,AS6,,15.9,10.9,13.7,21,
568,2014,JAGUAR,XKR-S COUPE,MINICOMPACT,5.0,8.0,AS6,Z,15.6,10.9,13.5,21,310.0
569,2014,JEEP,CHEROKEE,SUV - SMALL,2.4,4.0,A9,X,10.9,7.7,9.5,30,218.0
570,2014,JEEP,CHEROKEE,SUV - SMALL,3.2,6.0,A9,X,12.3,8.3,10.5,27,242.0
571,2014,JEEP,CHEROKEE 4X4,SUV - SMALL,2.4,4.0,A9,X,11.3,8.3,10.0,28,230.0
572,2014,JEEP,CHEROKEE 4X4,SUV - SMALL,3.2,6.0,A9,X,12.5,8.8,10.8,26,248.0
573,2014,JEEP,CHEROKEE 4X4 Active Drive II,SUV - SMALL,2.4,4.0,A9,X,11.4,8.6,10.1,28,232.0
574,2014,JEEP,CHEROKEE 4X4 Active Drive II,SUV - SMALL,3.2,6.0,A9,X,12.5,9.1,11.0,26,253.0
575,2014,JEEP,CHEROKEE TRAILHAWK 4X4,SUV - SMALL,2.4,4.0,A9,X,12.1,9.4,10.9,26,251.0
576,2014,JEEP,CHEROKEE TRAILHAWK 4X4,SUV - SMALL,3.2,6.0,A9,,13.4,9.5,11.6,24,267.0
577,2014,JEEP,COMPASS,SUV - SMALL,2.0,4.0,A6,X,11.1,8.3,9.8,29,225.0
578,2014,JEEP,COMPASS,SUV - SMALL,2.0,4.0,M5,X,10.2,7.8,9.1,31,209.0
579,2014,JEEP,COMPASS,SUV - SMALL,2.4,4.0,A6,X,11.1,8.3,9.8,29,225.0
580,2014,JEEP,COMPASS,SUV - SMALL,2.4,4.0,M5,X,10.3,8.3,9.4,30,216.0
581,2014,JEEP,COMPASS 4X4,SUV - SMALL,2.4,4.0,A6,X,11.4,8.7,10.2,28,235.0
582,2014,JEEP,COMPASS 4X4,SUV - SMALL,2.4,4.0,M5,X,10.3,8.4,9.4,30,216.0
583,2014,JEEP,COMPASS 4X4 TRAIL RATED,SUV - SMALL,2.4,4.0,AV,X,11.7,10.3,11.1,25,255.0
584,2014,JEEP,GRAND CHEROKEE 4X4 (MDS),SUV - STANDARD,5.7,8.0,A8,X,17.3,11.7,14.8,19,340.0
585,2014,JEEP,GRAND CHEROKEE 4X4 DIESEL,SUV - STANDARD,3.0,6.0,A8,D,11.2,8.4,9.9,29,267.0
586,2014,JEEP,GRAND CHEROKEE 4X4 FFV,SUV - STANDARD,3.6,6.0,A8,X,13.9,9.8,12.1,23,278.0
587,2014,JEEP,GRAND CHEROKEE 4X4 FFV,SUV - STANDARD,3.6,6.0,A8,E,17.7,13.0,15.6,18,250.0
588,2014,JEEP,GRAND CHEROKEE 4X4 SRT (MDS),SUV - STANDARD,6.4,8.0,A8,Z,18.5,12.6,15.8,18,363.0
589,2014,JEEP,PATRIOT,SUV - SMALL,2.0,4.0,A6,X,11.1,8.3,9.8,29,225.0
590,2014,JEEP,PATRIOT,SUV - SMALL,2.0,4.0,M5,X,10.2,7.8,9.1,31,209.0
591,2014,JEEP,PATRIOT,SUV - SMALL,2.4,4.0,A6,X,11.1,8.3,9.8,29,225.0
592,2014,JEEP,PATRIOT,SUV - SMALL,2.4,4.0,M5,X,10.3,8.3,9.4,30,
593,2014,JEEP,PATRIOT 4X4,SUV - SMALL,2.4,4.0,A6,X,11.4,8.7,10.2,28,235.0
594,2014,JEEP,PATRIOT 4X4,SUV - SMALL,2.4,4.0,M5,,10.3,8.4,9.4,30,216.0
595,2014,JEEP,PATRIOT 4X4 TRAIL RATED,SUV - SMALL,2.4,4.0,AV,X,11.7,10.3,11.1,25,255.0
596,2014,JEEP,WRANGLER 4X4 (2-DOOR),SUV - SMALL,3.6,6.0,A5,X,14.1,11.1,12.8,22,294.0
597,2014,JEEP,WRANGLER 4X4 (2-DOOR),SUV - SMALL,3.6,6.0,M6,X,14.2,11.0,12.8,22,294.0
598,2014,JEEP,WRANGLER UNLIMITED 4X4 (4-DOOR),SUV - SMALL,3.6,6.0,A5,X,14.8,11.7,13.4,21,308.0
599,2014,JEEP,WRANGLER UNLIMITED 4X4 (4-DOOR),SUV - SMALL,3.6,6.0,M6,,15.0,11.4,13.4,21,
600,2014,KIA,CADENZA,FULL-SIZE,3.3,6.0,A6,X,12.7,8.8,10.9,26,251.0
601,2014,KIA,FORTE,MID-SIZE,1.8,4.0,A6,X,9.6,6.6,8.3,34,191.0
602,2014,KIA,FORTE,MID-SIZE,1.8,4.0,M6,X,9.3,6.4,8.0,35,184.0
603,2014,KIA,FORTE,MID-SIZE,2.0,4.0,A6,X,9.8,6.6,8.4,34,193.0
604,2014,KIA,FORTE,MID-SIZE,2.0,4.0,M6,X,9.7,6.8,8.4,34,193.0
605,2014,KIA,FORTE 5,FULL-SIZE,1.6,4.0,A6,,11.1,8.0,9.7,29,223.0
606,2014,KIA,FORTE 5,FULL-SIZE,1.6,4.0,M6,X,11.1,8.2,9.8,29,225.0
607,2014,KIA,FORTE 5,FULL-SIZE,2.0,4.0,A6,,9.7,6.8,8.4,34,193.0
608,2014,KIA,FORTE 5,FULL-SIZE,2.0,4.0,M6,X,9.8,7.0,8.5,33,196.0
609,2014,KIA,FORTE KOUP,COMPACT,1.6,4.0,A6,X,10.6,7.9,9.4,30,216.0
610,2014,KIA,FORTE KOUP,COMPACT,1.6,4.0,M6,X,10.8,8.1,9.6,29,221.0
611,2014,KIA,FORTE KOUP,COMPACT,2.0,4.0,A6,X,9.6,7.0,8.4,34,193.0
612,2014,KIA,FORTE KOUP,COMPACT,2.0,4.0,M6,X,9.8,7.2,8.6,33,198.0
613,2014,KIA,OPTIMA,MID-SIZE,2.0,4.0,A6,X,11.7,7.6,9.9,29,228.0
614,2014,KIA,OPTIMA,MID-SIZE,2.4,4.0,A6,X,10.2,6.8,8.7,32,200.0
615,2014,KIA,RIO,COMPACT,1.6,4.0,A6,X,8.7,6.3,7.6,37,
616,2014,KIA,RIO,COMPACT,1.6,4.0,M6,X,8.7,6.4,7.7,37,177.0
617,2014,KIA,RIO ECO,COMPACT,1.6,4.0,A6,X,8.5,6.4,7.6,37,175.0
618,2014,KIA,RONDO,STATION WAGON - MID-SIZE,2.0,4.0,A6,X,10.5,7.5,9.2,31,212.0
619,2014,KIA,RONDO,STATION WAGON - MID-SIZE,2.0,4.0,M6,X,10.8,7.4,9.3,30,214.0
620,2014,KIA,SEDONA,MINIVAN,3.5,6.0,A6,X,13.7,9.9,12.0,24,276.0
621,2014,KIA,SORENTO,SUV - SMALL,2.4,4.0,A6,,11.8,8.5,10.3,27,237.0
622,2014,KIA,SORENTO,SUV - SMALL,3.3,6.0,A6,X,12.9,9.5,11.4,25,262.0
623,2014,KIA,SORENTO 4WD,SUV - SMALL,2.4,4.0,A6,X,12.3,9.3,11.0,26,253.0
624,2014,KIA,SORENTO 4WD,SUV - SMALL,3.3,6.0,A6,X,13.4,9.9,11.8,24,271.0
625,2014,KIA,SOUL,STATION WAGON - SMALL,1.6,4.0,A6,X,9.8,7.9,8.9,32,205.0
626,2014,KIA,SOUL,STATION WAGON - SMALL,1.6,4.0,M6,X,9.9,7.8,9.0,31,207.0
627,2014,KIA,SOUL,STATION WAGON - SMALL,2.0,4.0,A6,X,10.1,7.8,9.1,31,209.0
628,2014,KIA,SOUL ECO Dynamics,STATION WAGON - SMALL,2.0,4.0,A6,X,9.7,7.8,8.8,32,
629,2014,KIA,SPORTAGE,SUV - SMALL,2.4,4.0,A6,,11.4,8.3,10.0,28,230.0
630,2014,KIA,SPORTAGE,SUV - SMALL,2.4,4.0,M6,X,12.9,9.3,11.3,25,
631,2014,KIA,SPORTAGE AWD,SUV - SMALL,2.0,4.0,A6,X,12.7,9.7,11.4,25,262.0
632,2014,KIA,SPORTAGE AWD,SUV - SMALL,2.4,4.0,A6,X,12.0,9.1,10.7,26,246.0
633,2014,LAMBORGHINI,AVENTADOR COUPE,TWO-SEATER,6.5,12.0,A7,Z,22.8,12.9,18.3,15,421.0
634,2014,LAMBORGHINI,GALLARDO COUPE,TWO-SEATER,5.2,10.0,A6,Z,18.0,12.8,15.7,18,361.0
635,2014,LAMBORGHINI,GALLARDO COUPE,TWO-SEATER,5.2,10.0,M6,Z,20.6,13.5,17.4,16,400.0
636,2014,LAND ROVER,LR2,SUV - SMALL,2.0,4.0,AS6,Z,13.5,9.9,11.9,24,274.0
637,2014,LAND ROVER,LR4,SUV - STANDARD,3.0,6.0,AS8,Z,16.3,12.4,14.5,19,334.0
638,2014,LAND ROVER,RANGE ROVER EVOQUE,SUV - SMALL,2.0,4.0,AS9,Z,11.3,7.9,9.8,29,225.0
639,2014,LAND ROVER,RANGE ROVER EVOQUE COUPE,SUV - SMALL,2.0,4.0,AS9,Z,11.3,7.9,9.8,29,225.0
640,2014,LAND ROVER,RANGE ROVER LWB V8 5.0 SC,SUV - STANDARD,5.0,8.0,AS8,Z,18.0,12.2,15.4,18,354.0
641,2014,LAND ROVER,RANGE ROVER LWB V8 5.0 SC FFV,SUV - STANDARD,5.0,8.0,AS8,Z,17.2,12.5,15.1,19,347.0
642,2014,LAND ROVER,RANGE ROVER LWB V8 5.0 SC FFV,SUV - STANDARD,5.0,8.0,AS8,E,25.0,16.9,21.4,13,342.0
643,2014,LAND ROVER,RANGE ROVER SPORT V6 3.0 SC,SUV - STANDARD,3.0,6.0,AS8,Z,14.2,10.2,12.4,23,285.0
644,2014,LAND ROVER,RANGE ROVER SPORT V6 3.0 SC FFV,SUV - STANDARD,3.0,6.0,AS8,Z,14.2,10.2,12.4,23,285.0
645,2014,LAND ROVER,RANGE ROVER SPORT V6 3.0 SC FFV,SUV - STANDARD,3.0,6.0,AS8,,19.4,14.9,17.4,16,278.0
646,2014,LAND ROVER,RANGE ROVER SPORT V8 5.0 SC,SUV - STANDARD,5.0,8.0,AS8,Z,17.3,12.2,15.0,19,345.0
647,2014,LAND ROVER,RANGE ROVER SPORT V8 5.0 SC FFV,SUV - STANDARD,5.0,8.0,AS8,Z,16.6,12.3,14.7,19,338.0
648,2014,LAND ROVER,RANGE ROVER SPORT V8 5.0 SC FFV,SUV - STANDARD,5.0,,AS8,E,24.0,16.6,20.7,14,331.0
649,2014,LAND ROVER,RANGE ROVER V6 3.0 SC,SUV - STANDARD,3.0,6.0,AS8,Z,14.1,10.1,12.3,23,283.0
650,2014,LAND ROVER,RANGE ROVER V6 3.0 SC FFV,SUV - STANDARD,3.0,6.0,AS8,Z,14.1,10.1,12.3,23,283.0
651,2014,LAND ROVER,RANGE ROVER V6 3.0 SC FFV,SUV - STANDARD,3.0,6.0,AS8,,19.4,14.8,17.3,16,277.0
652,2014,LAND ROVER,RANGE ROVER V8 5.0 SC,SUV - STANDARD,5.0,,AS8,Z,18.0,12.2,15.4,18,354.0
653,2014,LAND ROVER,RANGE ROVER V8 5.0 SC FFV,SUV - STANDARD,5.0,8.0,AS8,Z,17.2,12.5,15.1,19,347.0
654,2014,LAND ROVER,RANGE ROVER V8 5.0 SC FFV,SUV - STANDARD,5.0,8.0,AS8,E,25.0,16.9,21.4,13,342.0
655,2014,LEXUS,CT 200h,COMPACT,1.8,4.0,AV,,5.5,5.8,5.6,50,129.0
656,2014,LEXUS,ES 300h,MID-SIZE,2.5,4.0,AV6,X,5.8,6.2,6.0,47,138.0
657,2014,LEXUS,ES 350,MID-SIZE,3.5,6.0,AS6,X,11.3,7.6,9.6,29,221.0
658,2014,LEXUS,GS 350,MID-SIZE,3.5,,AS8,Z,12.1,8.3,10.4,27,239.0
659,2014,LEXUS,GS 350 AWD,MID-SIZE,3.5,6.0,AS6,Z,12.5,9.1,11.0,26,253.0
660,2014,LEXUS,GS 450h,MID-SIZE,3.5,6.0,AV8,Z,7.7,7.4,7.6,37,175.0
661,2014,LEXUS,GX 460,SUV - STANDARD,4.6,8.0,AS6,Z,15.7,11.8,13.9,20,320.0
662,2014,LEXUS,IS 250,COMPACT,2.5,6.0,AS6,Z,11.2,7.8,9.7,29,223.0
663,2014,LEXUS,IS 250 AWD,COMPACT,2.5,,AS6,,11.8,8.7,10.4,27,239.0
664,2014,LEXUS,IS 250 C,SUBCOMPACT,2.5,6.0,AS6,Z,11.2,7.8,9.7,29,223.0
665,2014,LEXUS,IS 350,COMPACT,3.5,6.0,AS8,Z,12.2,8.7,10.6,27,244.0
666,2014,LEXUS,IS 350 AWD,COMPACT,3.5,6.0,AS6,Z,12.5,9.1,11.0,26,253.0
667,2014,LEXUS,IS 350 C,SUBCOMPACT,3.5,6.0,AS6,Z,12.1,8.7,10.6,27,244.0
668,2014,LEXUS,IS F,SUBCOMPACT,5.0,8.0,AS8,Z,14.6,10.1,12.6,22,290.0
669,2014,LEXUS,LS 460,MID-SIZE,4.6,8.0,AS8,Z,14.5,9.6,12.3,23,283.0
670,2014,LEXUS,LS 460 AWD,MID-SIZE,4.6,8.0,AS8,Z,15.1,10.3,12.9,22,297.0
671,2014,LEXUS,LS 460 L AWD,MID-SIZE,4.6,8.0,AS8,Z,15.1,10.3,12.9,22,297.0
672,2014,LEXUS,LS 600h L,MID-SIZE,,8.0,AV8,,12.0,10.7,11.4,25,262.0
673,2014,LEXUS,LX 570,SUV - STANDARD,5.7,8.0,AS6,Z,18.8,13.6,16.5,17,
674,2014,LEXUS,RX 350 AWD,SUV - SMALL,3.5,6.0,AS6,X,13.3,9.8,11.7,24,269.0
675,2014,LEXUS,RX 350 AWD,SUV - SMALL,3.5,6.0,AS8,X,12.7,9.1,11.1,25,255.0
676,2014,LEXUS,RX 450h AWD,SUV - SMALL,3.5,6.0,AV6,Z,7.9,8.6,8.2,34,189.0
677,2014,LINCOLN,MKS AWD,FULL-SIZE,3.5,6.0,AS6,X,13.7,9.4,11.8,24,271.0
678,2014,LINCOLN,MKS AWD,FULL-SIZE,3.7,6.0,AS6,X,13.1,9.0,11.3,25,260.0
679,2014,LINCOLN,MKT AWD,SUV - STANDARD,3.5,6.0,AS6,X,14.8,10.4,12.8,22,294.0
680,2014,LINCOLN,MKT LIVERY,SPECIAL PURPOSE VEHICLE,2.0,4.0,AS6,X,11.5,8.5,10.2,28,235.0
681,2014,LINCOLN,MKT LIVERY AWD,SPECIAL PURPOSE VEHICLE,3.7,6.0,A6,,14.0,9.9,12.2,23,281.0
682,2014,LINCOLN,MKX AWD,SUV - SMALL,3.7,6.0,AS6,X,13.7,10.4,12.2,23,281.0
683,2014,LINCOLN,MKZ,MID-SIZE,2.0,4.0,AS6,X,10.5,7.1,9.0,31,207.0
684,2014,LINCOLN,MKZ AWD,MID-SIZE,3.7,6.0,AS6,X,13.1,9.3,11.4,25,262.0
685,2014,LINCOLN,MKZ HYBRID,MID-SIZE,2.0,4.0,AV,X,6.2,6.4,6.3,45,145.0
686,2014,LINCOLN,NAVIGATOR 4X4 FFV,SUV - STANDARD,5.4,8.0,A6,,18.2,13.3,16.0,18,368.0
687,2014,LINCOLN,NAVIGATOR 4X4 FFV,SUV - STANDARD,5.4,8.0,A6,E,24.5,18.0,21.6,13,346.0
688,2014,MASERATI,GHIBLI,MID-SIZE,3.0,6.0,AS8,Z,15.2,9.6,12.7,22,292.0
689,2014,MASERATI,GHIBLI AWD,MID-SIZE,3.0,6.0,AS8,Z,15.2,9.6,12.7,22,292.0
690,2014,MASERATI,GRANTURISMO,SUBCOMPACT,4.7,8.0,AS6,Z,18.2,11.4,15.1,19,347.0
691,2014,MASERATI,GRANTURISMO CONVERTIBLE,SUBCOMPACT,4.7,8.0,AS6,Z,18.2,11.7,15.3,18,352.0
692,2014,MASERATI,QUATTROPORTE GTS,FULL-SIZE,3.8,8.0,AS8,,17.6,10.7,14.5,19,334.0
693,2014,MASERATI,QUATTROPORTE SQ4,FULL-SIZE,3.0,6.0,AS8,Z,15.9,9.7,13.1,22,301.0
694,2014,MAZDA,CX-5,SUV - SMALL,2.0,4.0,AS6,X,8.9,7.3,8.2,34,189.0
695,2014,MAZDA,CX-5,SUV - SMALL,2.0,4.0,M6,X,9.0,6.8,8.0,35,184.0
696,2014,MAZDA,CX-5,SUV - SMALL,,4.0,AS6,X,9.6,7.4,8.6,33,198.0
697,2014,MAZDA,CX-5 4WD,SUV - SMALL,2.0,4.0,AS6,X,9.3,7.6,8.5,33,196.0
698,2014,MAZDA,CX-5 4WD,SUV - SMALL,2.5,4.0,AS6,X,9.8,7.9,8.9,32,205.0
699,2014,MAZDA,CX-9,SUV - SMALL,3.7,6.0,AS6,X,14.2,10.0,12.3,23,283.0
700,2014,MAZDA,CX-9 4WD,SUV - SMALL,3.7,6.0,AS6,,14.3,10.6,12.6,22,290.0
701,2014,MAZDA,MAZDA2,COMPACT,,4.0,A4,X,8.4,6.9,7.7,37,177.0
702,2014,MAZDA,MAZDA2,COMPACT,1.5,4.0,M5,X,8.0,6.7,7.4,38,
703,2014,MAZDA,MAZDA3 4-DOOR,COMPACT,2.0,4.0,AS6,X,7.9,5.7,6.9,41,159.0
704,2014,MAZDA,MAZDA3 4-DOOR,COMPACT,2.0,4.0,M6,X,8.0,5.8,7.0,40,
705,2014,MAZDA,MAZDA3 4-DOOR,COMPACT,2.5,4.0,AS6,X,8.4,6.1,7.4,38,170.0
706,2014,MAZDA,MAZDA3 4-DOOR (i-ELOOP),COMPACT,2.5,4.0,AS6,X,8.3,6.1,7.3,39,
707,2014,MAZDA,MAZDA3 4-DOOR (SIL),COMPACT,2.0,4.0,M6,X,8.0,5.8,7.0,40,161.0
708,2014,MAZDA,MAZDA3 5-DOOR,MID-SIZE,2.0,4.0,AS6,X,8.0,5.9,7.1,40,163.0
709,2014,MAZDA,MAZDA3 5-DOOR,MID-SIZE,2.0,4.0,M6,X,8.2,5.9,7.2,39,166.0
710,2014,MAZDA,MAZDA3 5-DOOR,MID-SIZE,2.5,4.0,AS6,X,8.7,6.5,7.7,37,177.0
711,2014,MAZDA,MAZDA3 5-DOOR (i-ELOOP),MID-SIZE,2.5,4.0,AS6,X,8.2,6.1,7.3,39,168.0
712,2014,MAZDA,MAZDA3 5-DOOR (SIL),MID-SIZE,2.0,4.0,M6,X,8.2,5.9,7.2,39,166.0
713,2014,MAZDA,MAZDA5,MINIVAN,2.5,4.0,AS5,X,10.8,8.4,9.7,29,223.0
714,2014,MAZDA,MAZDA5,MINIVAN,2.5,4.0,M6,X,11.1,8.3,9.8,29,225.0
715,2014,MAZDA,MAZDA6,MID-SIZE,2.5,4.0,AS6,X,8.8,6.2,7.6,37,175.0
716,2014,MAZDA,MAZDA6,MID-SIZE,2.5,4.0,M6,X,9.4,6.4,8.1,35,186.0
717,2014,MAZDA,MAZDA6 (i-ELOOP),MID-SIZE,2.5,4.0,AS6,X,8.4,5.9,7.3,39,168.0
718,2014,MAZDA,MX-5,TWO-SEATER,2.0,4.0,AS6,Z,11.5,8.5,10.2,28,235.0
719,2014,MAZDA,MX-5,TWO-SEATER,2.0,4.0,M5,Z,10.5,8.5,9.6,29,221.0
720,2014,MAZDA,MX-5,TWO-SEATER,2.0,4.0,M6,Z,11.1,8.4,9.9,29,228.0
721,2014,MERCEDES-BENZ,B 250,STATION WAGON - SMALL,2.0,4.0,AS7,Z,9.2,6.6,8.0,35,
722,2014,MERCEDES-BENZ,C 250,COMPACT,1.8,4.0,AS7,Z,10.9,7.5,9.4,30,
723,2014,MERCEDES-BENZ,C 250 COUPE,SUBCOMPACT,1.8,4.0,AS7,Z,11.0,7.4,9.4,30,216.0
724,2014,MERCEDES-BENZ,C 300 4MATIC FFV,COMPACT,3.5,6.0,AS7,Z,12.2,8.5,10.5,27,
725,2014,MERCEDES-BENZ,C 300 4MATIC FFV,COMPACT,3.5,6.0,AS7,E,16.4,11.1,14.0,20,224.0
726,2014,MERCEDES-BENZ,C 350,COMPACT,3.5,6.0,AS7,Z,12.0,8.6,10.5,27,242.0
727,2014,MERCEDES-BENZ,C 350 4MATIC,COMPACT,3.5,6.0,AS7,Z,11.9,8.6,10.4,27,239.0
728,2014,MERCEDES-BENZ,C 350 4MATIC COUPE,SUBCOMPACT,3.5,6.0,AS7,Z,12.1,8.7,10.6,27,244.0
729,2014,MERCEDES-BENZ,C 350 COUPE,SUBCOMPACT,3.5,6.0,AS7,Z,12.1,8.6,10.5,27,242.0
730,2014,MERCEDES-BENZ,C 63 AMG,COMPACT,6.2,8.0,AS7,Z,17.7,11.9,15.1,19,
731,2014,MERCEDES-BENZ,C 63 AMG COUPE,SUBCOMPACT,6.2,8.0,AS7,Z,17.9,12.2,15.3,18,352.0
732,2014,MERCEDES-BENZ,CL 550 4MATIC,COMPACT,4.7,8.0,AS7,Z,15.4,10.4,13.2,21,304.0
733,2014,MERCEDES-BENZ,CL 63 AMG,COMPACT,5.5,8.0,AS7,Z,15.4,11.0,13.4,21,308.0
734,2014,MERCEDES-BENZ,CLA 250,COMPACT,2.0,4.0,AS7,Z,9.1,6.2,7.8,36,179.0
735,2014,MERCEDES-BENZ,CLA 45 AMG 4MATIC,COMPACT,2.0,4.0,AS7,Z,10.3,7.8,9.2,31,212.0
736,2014,MERCEDES-BENZ,CLS 550 4MATIC,COMPACT,,8.0,AS7,Z,13.3,9.4,11.5,25,264.0
737,2014,MERCEDES-BENZ,CLS 63 AMG 4MATIC,COMPACT,5.5,8.0,AS7,Z,15.1,10.7,13.1,22,
738,2014,MERCEDES-BENZ,CLS 63 AMG S 4MATIC,COMPACT,5.5,8.0,AS7,Z,15.1,10.7,13.1,22,301.0
739,2014,MERCEDES-BENZ,E 250 BLUETEC 4MATIC,MID-SIZE,2.1,4.0,AS7,D,8.5,5.7,7.2,39,194.0
740,2014,MERCEDES-BENZ,E 300 4MATIC,MID-SIZE,3.5,6.0,AS7,Z,11.8,8.2,10.2,28,235.0
741,2014,MERCEDES-BENZ,E 350 4MATIC,MID-SIZE,3.5,6.0,AS7,Z,11.6,8.1,10.0,28,230.0
742,2014,MERCEDES-BENZ,E 350 4MATIC COUPE,SUBCOMPACT,3.5,6.0,AS7,Z,11.9,8.5,10.4,27,
743,2014,MERCEDES-BENZ,E 350 4MATIC WAGON,STATION WAGON - MID-SIZE,3.5,6.0,AS7,Z,12.1,8.6,10.5,27,242.0
744,2014,MERCEDES-BENZ,E 350 CABRIOLET,SUBCOMPACT,3.5,6.0,AS7,Z,12.0,8.5,10.4,27,239.0
745,2014,MERCEDES-BENZ,E 350 COUPE,SUBCOMPACT,3.5,6.0,AS7,Z,11.9,8.2,10.2,28,235.0
746,2014,MERCEDES-BENZ,E 400 HYBRID,MID-SIZE,3.5,6.0,AS7,Z,9.6,7.9,8.8,32,
747,2014,MERCEDES-BENZ,E 550 4MATIC,MID-SIZE,4.7,8.0,AS7,Z,13.6,9.1,11.6,24,267.0
748,2014,MERCEDES-BENZ,E 550 CABRIOLET,SUBCOMPACT,4.7,8.0,AS7,Z,13.7,9.3,11.7,24,269.0
749,2014,MERCEDES-BENZ,E 550 COUPE,SUBCOMPACT,4.7,8.0,AS7,Z,13.4,8.9,11.4,25,262.0
750,2014,MERCEDES-BENZ,E 63 AMG 4MATIC,MID-SIZE,5.5,8.0,AS7,Z,15.0,10.3,12.9,22,297.0
751,2014,MERCEDES-BENZ,E 63 AMG 4MATIC WAGON,STATION WAGON - MID-SIZE,5.5,8.0,AS7,Z,15.5,11.0,13.5,21,310.0
752,2014,MERCEDES-BENZ,E 63 AMG S 4MATIC,MID-SIZE,5.5,8.0,AS7,Z,15.0,10.3,12.9,22,297.0
753,2014,MERCEDES-BENZ,E 63 AMG S 4MATIC WAGON,STATION WAGON - MID-SIZE,5.5,8.0,AS7,Z,15.5,11.0,13.5,21,
754,2014,MERCEDES-BENZ,G 550,SUV - STANDARD,5.5,8.0,AS7,Z,20.0,15.9,18.2,16,419.0
755,2014,MERCEDES-BENZ,G 63 AMG,SUV - STANDARD,,8.0,AS7,Z,19.4,15.7,17.7,16,407.0
756,2014,MERCEDES-BENZ,GL 350 BLUETEC 4MATIC,SUV - STANDARD,3.0,6.0,AS7,,13.4,10.2,12.0,24,324.0
757,2014,MERCEDES-BENZ,GL 450 4MATIC,SUV - STANDARD,4.7,8.0,AS7,Z,17.1,12.8,15.2,19,350.0
758,2014,MERCEDES-BENZ,GL 550 4MATIC,SUV - STANDARD,4.7,8.0,AS7,Z,17.6,13.1,15.6,18,
759,2014,MERCEDES-BENZ,GL 63 AMG,SUV - STANDARD,5.5,8.0,AS7,Z,17.7,13.4,15.8,18,
760,2014,MERCEDES-BENZ,GLK 250 BLUETEC 4MATIC,SUV - SMALL,2.1,4.0,AS7,D,9.6,7.1,8.5,33,230.0
761,2014,MERCEDES-BENZ,GLK 350 4MATIC,SUV - SMALL,3.5,6.0,AS7,Z,12.6,9.6,11.3,25,260.0
762,2014,MERCEDES-BENZ,ML 350 4MATIC FFV,SUV - STANDARD,3.5,6.0,AS7,Z,13.4,10.5,12.1,23,278.0
763,2014,MERCEDES-BENZ,ML 350 4MATIC FFV,SUV - STANDARD,3.5,6.0,AS7,E,17.8,13.8,16.0,18,256.0
764,2014,MERCEDES-BENZ,ML 350 BLUETEC 4MATIC,SUV - STANDARD,3.0,,AS7,D,11.8,8.5,10.3,27,278.0
765,2014,MERCEDES-BENZ,ML 550 4MATIC,SUV - STANDARD,4.7,8.0,AS7,Z,16.2,11.8,14.2,20,327.0
766,2014,MERCEDES-BENZ,ML 63 AMG 4MATIC,SUV - STANDARD,5.5,8.0,AS7,Z,17.2,13.5,15.5,18,356.0
767,2014,MERCEDES-BENZ,S 550 4MATIC LWB,FULL-SIZE,4.7,8.0,AS7,Z,14.3,9.5,12.1,23,278.0
768,2014,MERCEDES-BENZ,S 550 4MATIC SWB,FULL-SIZE,4.7,8.0,AS7,Z,14.2,9.4,12.0,24,276.0
769,2014,MERCEDES-BENZ,S 63 AMG 4MATIC,FULL-SIZE,5.5,8.0,AS7,Z,15.6,10.3,13.2,21,304.0
770,2014,MERCEDES-BENZ,SL 550,TWO-SEATER,4.7,8.0,AS7,Z,13.4,9.6,11.7,24,269.0
771,2014,MERCEDES-BENZ,SL 63 AMG,TWO-SEATER,5.5,8.0,AS7,,14.8,10.2,12.7,22,292.0
772,2014,MERCEDES-BENZ,SL 65 AMG,TWO-SEATER,6.0,8.0,AS7,Z,16.7,11.2,14.2,20,327.0
773,2014,MERCEDES-BENZ,SLK 250,TWO-SEATER,1.8,,AS7,Z,10.3,7.2,8.9,32,
774,2014,MERCEDES-BENZ,,TWO-SEATER,1.8,4.0,M6,Z,10.4,7.3,9.0,31,207.0
775,2014,MERCEDES-BENZ,SLK 350,TWO-SEATER,3.5,6.0,AS7,Z,11.1,8.1,9.8,29,225.0
776,2014,MERCEDES-BENZ,SLK 55 AMG,TWO-SEATER,5.5,8.0,AS7,Z,12.3,8.7,10.7,26,246.0
777,2014,MERCEDES-BENZ,SLS AMG BLACK SERIES COUPE,TWO-SEATER,6.2,8.0,AS7,Z,18.7,13.9,16.5,17,380.0
778,2014,MERCEDES-BENZ,SLS AMG GT COUPE,TWO-SEATER,6.2,8.0,AS7,,18.2,12.6,15.7,18,361.0
779,2014,MERCEDES-BENZ,SLS AMG ROADSTER,TWO-SEATER,6.2,8.0,AS7,Z,18.2,12.6,15.7,18,361.0
780,2014,MINI,COOPER CLUBMAN,SUBCOMPACT,1.6,4.0,A6,Z,8.7,6.6,7.8,36,179.0
781,2014,MINI,COOPER CLUBMAN,SUBCOMPACT,1.6,4.0,M6,Z,8.6,6.8,7.8,36,179.0
782,2014,MINI,COOPER CONVERTIBLE,MINICOMPACT,1.6,4.0,A6,Z,8.7,6.6,7.8,36,179.0
783,2014,MINI,COOPER CONVERTIBLE,MINICOMPACT,1.6,4.0,M6,Z,8.6,6.8,7.8,36,179.0
784,2014,MINI,COOPER COUNTRYMAN,COMPACT,1.6,4.0,A6,Z,9.4,7.9,8.7,32,200.0
785,2014,MINI,COOPER COUNTRYMAN,COMPACT,1.6,4.0,M6,Z,8.6,6.8,7.8,36,179.0
786,2014,MINI,COOPER COUPE,TWO-SEATER,1.6,4.0,A6,Z,8.5,6.6,7.6,37,175.0
787,2014,MINI,COOPER COUPE,TWO-SEATER,1.6,4.0,M6,Z,8.0,6.4,7.3,39,168.0
788,2014,MINI,COOPER PACEMAN,COMPACT,1.6,4.0,A6,Z,9.4,7.9,8.7,32,200.0
789,2014,MINI,COOPER PACEMAN,COMPACT,1.6,4.0,M6,Z,8.6,6.8,7.8,36,179.0
790,2014,MINI,COOPER ROADSTER,TWO-SEATER,1.6,4.0,A6,Z,8.7,6.6,7.8,36,
791,2014,MINI,,TWO-SEATER,1.6,4.0,M6,Z,8.6,6.8,7.8,36,179.0
792,2014,MINI,COOPER S CLUBMAN,SUBCOMPACT,1.6,4.0,A6,Z,9.3,7.0,8.3,34,
793,2014,MINI,COOPER S CLUBMAN,SUBCOMPACT,1.6,4.0,M6,Z,9.1,6.7,8.0,35,184.0
794,2014,MINI,COOPER S CONVERTIBLE,MINICOMPACT,1.6,4.0,A6,Z,9.3,7.0,8.3,34,191.0
795,2014,MINI,COOPER S CONVERTIBLE,MINICOMPACT,1.6,4.0,M6,,9.1,6.7,8.0,35,184.0
796,2014,MINI,COOPER S COUNTRYMAN ALL4,COMPACT,1.6,4.0,A6,Z,10.0,7.8,9.0,31,207.0
797,2014,MINI,COOPER S COUNTRYMAN ALL4,COMPACT,1.6,4.0,M6,Z,9.3,7.5,8.5,33,196.0
798,2014,MINI,COOPER S COUPE,TWO-SEATER,1.6,4.0,A6,Z,9.3,7.0,8.3,34,191.0
799,2014,MINI,COOPER S COUPE,TWO-SEATER,1.6,4.0,M6,Z,9.1,6.7,8.0,35,184.0
800,2014,MINI,COOPER S PACEMAN ALL4,COMPACT,1.6,4.0,A6,Z,10.0,7.8,9.0,31,207.0
801,2014,MINI,COOPER S PACEMAN ALL4,COMPACT,1.6,4.0,M6,Z,9.3,7.5,8.5,33,
802,2014,MINI,COOPER S ROADSTER,TWO-SEATER,1.6,4.0,A6,,9.3,7.0,8.3,34,191.0
803,2014,MINI,COOPER S ROADSTER,TWO-SEATER,1.6,4.0,M6,Z,9.1,6.7,8.0,35,184.0
804,2014,MINI,JOHN COOPER WORKS CLUBMAN,SUBCOMPACT,1.6,4.0,A6,Z,9.3,7.0,8.3,34,
805,2014,MINI,JOHN COOPER WORKS CLUBMAN,SUBCOMPACT,1.6,4.0,M6,Z,9.1,6.7,8.0,35,184.0
806,2014,MINI,JOHN COOPER WORKS CONVERTIBLE,MINICOMPACT,1.6,4.0,A6,Z,9.3,7.0,8.3,34,
807,2014,MINI,JOHN COOPER WORKS CONVERTIBLE,MINICOMPACT,1.6,4.0,M6,,9.1,6.7,8.0,35,184.0
808,2014,MINI,JOHN COOPER WORKS COUNTRYMAN ALL4,COMPACT,1.6,4.0,A6,Z,10.0,7.8,9.0,31,207.0
809,2014,MINI,JOHN COOPER WORKS COUNTRYMAN ALL4,COMPACT,1.6,4.0,M6,Z,9.3,7.5,8.5,33,196.0
810,2014,MINI,JOHN COOPER WORKS COUPE,TWO-SEATER,1.6,4.0,A6,Z,9.3,7.0,8.3,34,191.0
811,2014,MINI,JOHN COOPER WORKS COUPE,TWO-SEATER,1.6,4.0,M6,Z,9.1,6.7,8.0,35,184.0
812,2014,MINI,JOHN COOPER WORKS PACEMAN ALL4,COMPACT,1.6,4.0,A6,Z,10.0,7.8,9.0,31,207.0
813,2014,MINI,JOHN COOPER WORKS PACEMAN ALL4,COMPACT,1.6,4.0,M6,Z,9.3,7.5,8.5,33,196.0
814,2014,MINI,JOHN COOPER WORKS ROADSTER,TWO-SEATER,1.6,4.0,A6,Z,9.3,7.0,8.3,34,191.0
815,2014,MINI,JOHN COOPER WORKS ROADSTER,TWO-SEATER,1.6,4.0,M6,Z,9.1,6.7,8.0,35,184.0
816,2014,MITSUBISHI,LANCER,COMPACT,2.0,4.0,AV6,X,9.2,7.0,8.2,34,189.0
817,2014,MITSUBISHI,LANCER,COMPACT,2.0,4.0,M5,X,9.6,6.8,8.3,34,191.0
818,2014,MITSUBISHI,LANCER AWD,COMPACT,2.4,4.0,AV6,X,10.5,8.2,9.5,30,218.0
819,2014,MITSUBISHI,LANCER EVOLUTION,COMPACT,2.0,4.0,AM6,,14.2,10.5,12.5,23,288.0
820,2014,MITSUBISHI,LANCER EVOLUTION,COMPACT,2.0,4.0,M5,Z,14.0,10.3,12.3,23,283.0
821,2014,MITSUBISHI,LANCER RALLIART,COMPACT,2.0,4.0,AM6,Z,13.4,9.4,11.6,24,267.0
822,2014,MITSUBISHI,LANCER SPORTBACK,STATION WAGON - SMALL,2.0,4.0,AV6,X,9.6,7.3,8.6,33,
823,2014,MITSUBISHI,LANCER SPORTBACK,STATION WAGON - SMALL,2.0,4.0,M5,X,9.8,7.1,8.6,33,198.0
824,2014,MITSUBISHI,MIRAGE,COMPACT,1.2,3.0,AV,X,6.4,5.4,6.0,47,138.0
825,2014,MITSUBISHI,MIRAGE,COMPACT,1.2,3.0,M5,X,7.0,5.6,6.4,44,147.0
826,2014,MITSUBISHI,OUTLANDER,SUV - SMALL,2.4,4.0,AV6,X,9.5,7.5,8.6,33,198.0
827,2014,MITSUBISHI,OUTLANDER 4WD,SUV - SMALL,2.4,4.0,AV6,X,9.9,8.1,9.1,31,209.0
828,2014,MITSUBISHI,OUTLANDER 4WD,SUV - SMALL,3.0,6.0,AS6,Z,11.5,8.5,10.2,28,235.0
829,2014,MITSUBISHI,RVR,SUV - SMALL,2.0,4.0,AV6,X,9.6,7.6,8.7,32,200.0
830,2014,MITSUBISHI,RVR,SUV - SMALL,2.0,4.0,M5,,9.9,7.5,8.8,32,202.0
831,2014,MITSUBISHI,RVR 4WD,SUV - SMALL,2.0,4.0,AV6,X,9.8,8.0,9.0,31,207.0
832,2014,NISSAN,370Z,TWO-SEATER,3.7,6.0,AS7,Z,12.6,9.1,11.0,26,253.0
833,2014,NISSAN,370Z,TWO-SEATER,3.7,6.0,M6,Z,13.3,9.3,11.5,25,264.0
834,2014,NISSAN,370Z ROADSTER,TWO-SEATER,3.7,6.0,AS7,Z,13.0,9.5,11.4,25,
835,2014,NISSAN,370Z ROADSTER,TWO-SEATER,3.7,6.0,M6,Z,13.5,9.6,11.7,24,269.0
836,2014,NISSAN,ALTIMA,MID-SIZE,2.5,4.0,AV,X,8.7,6.2,7.6,37,
837,2014,NISSAN,ALTIMA,MID-SIZE,3.5,6.0,AV,X,10.8,7.4,9.3,30,214.0
838,2014,NISSAN,ARMADA 4WD,SUV - STANDARD,5.6,8.0,A5,X,19.1,13.4,16.5,17,380.0
839,2014,NISSAN,FRONTIER,PICKUP TRUCK - SMALL,2.5,4.0,A5,X,13.7,10.6,12.3,23,283.0
840,2014,NISSAN,FRONTIER,PICKUP TRUCK - SMALL,2.5,4.0,M5,X,12.2,10.2,11.3,25,260.0
841,2014,NISSAN,FRONTIER,PICKUP TRUCK - SMALL,4.0,6.0,A5,X,14.7,10.2,12.7,22,292.0
842,2014,NISSAN,FRONTIER 4WD,PICKUP TRUCK - SMALL,4.0,6.0,A5,X,15.7,11.2,13.7,21,315.0
843,2014,NISSAN,FRONTIER 4WD,PICKUP TRUCK - SMALL,4.0,6.0,M6,X,14.8,11.0,13.1,22,301.0
844,2014,NISSAN,GT-R,SUBCOMPACT,3.8,6.0,AM6,Z,14.5,10.9,12.9,22,297.0
845,2014,NISSAN,JUKE,STATION WAGON - SMALL,1.6,4.0,AV,Z,8.7,7.3,8.1,35,186.0
846,2014,NISSAN,JUKE,STATION WAGON - SMALL,1.6,4.0,M6,,9.5,7.6,8.6,33,198.0
847,2014,NISSAN,JUKE AWD,STATION WAGON - SMALL,1.6,4.0,AV,Z,9.3,7.9,8.7,32,200.0
848,2014,NISSAN,MAXIMA,MID-SIZE,3.5,6.0,AV,Z,12.3,9.1,10.9,26,251.0
849,2014,NISSAN,MURANO AWD,SUV - SMALL,3.5,6.0,AV,X,13.2,10.1,11.8,24,271.0
850,2014,NISSAN,NV200 CARGO VAN,SPECIAL PURPOSE VEHICLE,2.0,4.0,AV,X,10.0,8.5,9.3,30,214.0
851,2014,NISSAN,,SUV - SMALL,3.5,6.0,AV,X,12.0,8.9,10.6,27,244.0
852,2014,NISSAN,PATHFINDER 4WD,SUV - SMALL,3.5,6.0,AV,X,12.3,9.3,11.0,26,253.0
853,2014,NISSAN,PATHFINDER HYBRID 4WD,SUV - STANDARD,2.5,4.0,AV,X,9.1,8.5,8.8,32,202.0
854,2014,NISSAN,QUEST,MINIVAN,3.5,6.0,AV,X,12.5,9.5,11.1,25,255.0
855,2014,NISSAN,ROGUE,SUV - SMALL,2.5,4.0,AV,X,9.2,7.2,8.3,34,191.0
856,2014,NISSAN,ROGUE AWD,SUV - SMALL,2.5,4.0,AV,X,9.5,7.4,8.6,33,198.0
857,2014,NISSAN,SENTRA,MID-SIZE,1.8,4.0,AV,X,7.8,6.0,7.0,40,161.0
858,2014,NISSAN,SENTRA,MID-SIZE,1.8,4.0,M6,X,8.7,6.6,7.8,36,
859,2014,NISSAN,TITAN,PICKUP TRUCK - STANDARD,5.6,8.0,A5,X,17.9,12.8,15.6,18,359.0
860,2014,NISSAN,TITAN 4WD,PICKUP TRUCK - STANDARD,,8.0,A5,X,19.7,14.3,17.3,16,398.0
861,2014,NISSAN,VERSA,COMPACT,1.6,4.0,AV,X,7.2,5.8,6.6,43,152.0
862,2014,NISSAN,VERSA,COMPACT,1.6,4.0,M5,,8.6,6.5,7.7,37,
863,2014,NISSAN,XTERRA 4WD,SUV - SMALL,4.0,6.0,A5,X,16.1,11.9,14.2,20,327.0
864,2014,NISSAN,XTERRA 4WD,SUV - SMALL,4.0,6.0,M6,X,15.2,11.9,13.7,21,
865,2014,PORSCHE,911 CARRERA,MINICOMPACT,3.4,6.0,AM7,Z,11.6,8.3,10.1,28,232.0
866,2014,PORSCHE,911 CARRERA,MINICOMPACT,3.4,6.0,M7,Z,12.5,8.6,10.7,26,246.0
867,2014,PORSCHE,911 CARRERA 4,MINICOMPACT,3.4,,AM7,Z,11.8,8.5,10.3,27,237.0
868,2014,PORSCHE,911 CARRERA 4,MINICOMPACT,3.4,6.0,M7,Z,12.4,8.6,10.7,26,246.0
869,2014,PORSCHE,911 CARRERA 4 CABRIOLET,MINICOMPACT,3.4,6.0,AM7,Z,12.0,8.7,10.5,27,242.0
870,2014,PORSCHE,911 CARRERA 4 CABRIOLET,MINICOMPACT,3.4,6.0,M7,Z,12.6,9.0,11.0,26,253.0
871,2014,PORSCHE,911 CARRERA 4S,MINICOMPACT,3.8,6.0,AM7,Z,12.3,8.9,10.8,26,248.0
872,2014,PORSCHE,911 CARRERA 4S,MINICOMPACT,3.8,6.0,M7,Z,12.8,8.9,11.0,26,
873,2014,PORSCHE,911 CARRERA 4S CABRIOLET,MINICOMPACT,3.8,6.0,AM7,Z,12.7,9.0,11.0,26,253.0
874,2014,PORSCHE,911 CARRERA 4S CABRIOLET,MINICOMPACT,3.8,6.0,M7,Z,12.9,9.1,11.2,25,258.0
875,2014,PORSCHE,911 CARRERA CABRIOLET,MINICOMPACT,3.4,6.0,AM7,Z,11.6,8.3,10.1,28,232.0
876,2014,PORSCHE,911 CARRERA CABRIOLET,MINICOMPACT,3.4,6.0,M7,Z,12.4,8.6,10.7,26,246.0
877,2014,PORSCHE,,MINICOMPACT,3.8,6.0,AM7,Z,12.1,8.7,10.6,27,244.0
878,2014,PORSCHE,911 CARRERA S,MINICOMPACT,3.8,6.0,M7,Z,12.6,8.6,10.8,26,248.0
879,2014,PORSCHE,911 CARRERA S CABRIOLET,MINICOMPACT,3.8,6.0,AM7,Z,12.4,8.7,10.7,26,246.0
880,2014,PORSCHE,911 CARRERA S CABRIOLET,MINICOMPACT,3.8,6.0,M7,Z,12.6,8.8,10.9,26,251.0
881,2014,PORSCHE,911 GT3,TWO-SEATER,3.8,6.0,AM7,Z,16.0,11.5,14.0,20,322.0
882,2014,PORSCHE,911 TURBO,MINICOMPACT,3.8,6.0,AM7,Z,13.7,9.6,11.9,24,274.0
883,2014,PORSCHE,911 TURBO CABRIOLET,MINICOMPACT,,6.0,AM7,Z,13.7,9.6,11.9,24,274.0
884,2014,PORSCHE,911 TURBO S,MINICOMPACT,3.8,6.0,AM7,Z,13.7,9.6,11.9,24,274.0
885,2014,PORSCHE,911 TURBO S CABRIOLET,MINICOMPACT,3.8,6.0,AM7,Z,13.7,9.6,11.9,24,274.0
886,2014,PORSCHE,BOXSTER,TWO-SEATER,,6.0,AM7,Z,10.7,7.4,9.2,31,212.0
887,2014,PORSCHE,BOXSTER,TWO-SEATER,2.7,,M6,Z,11.5,7.9,9.9,29,228.0
888,2014,PORSCHE,BOXSTER S,TWO-SEATER,3.4,6.0,AM7,Z,11.3,7.9,9.8,29,225.0
889,2014,PORSCHE,BOXSTER S,TWO-SEATER,3.4,6.0,M6,Z,11.9,8.6,10.4,27,239.0
890,2014,PORSCHE,CAYENNE,SUV - STANDARD,3.6,6.0,A8,Z,13.6,10.1,12.0,24,276.0
891,2014,PORSCHE,CAYENNE,SUV - STANDARD,3.6,6.0,M6,Z,15.8,10.9,13.6,21,313.0
892,2014,PORSCHE,CAYENNE DIESEL,SUV - STANDARD,3.0,6.0,A8,D,12.2,8.1,10.4,27,281.0
893,2014,PORSCHE,CAYENNE GTS,SUV - STANDARD,,8.0,A8,Z,15.9,11.4,13.9,20,320.0
894,2014,PORSCHE,CAYENNE S,SUV - STANDARD,4.8,8.0,A8,Z,15.0,10.6,13.0,22,299.0
895,2014,PORSCHE,CAYENNE S HYBRID,SUV - STANDARD,3.0,6.0,A8,Z,11.8,9.9,10.9,26,251.0
896,2014,PORSCHE,CAYENNE TURBO,SUV - STANDARD,4.8,8.0,A8,Z,15.9,10.9,13.7,21,
897,2014,PORSCHE,CAYMAN,TWO-SEATER,2.7,6.0,AM7,Z,10.7,7.4,9.2,31,212.0
898,2014,PORSCHE,CAYMAN,TWO-SEATER,2.7,6.0,M6,,11.5,7.9,9.9,29,228.0
899,2014,PORSCHE,CAYMAN S,TWO-SEATER,3.4,6.0,AM7,Z,11.3,7.9,9.8,29,225.0
900,2014,PORSCHE,CAYMAN S,TWO-SEATER,3.4,6.0,M6,,11.9,8.6,10.4,27,239.0
901,2014,PORSCHE,PANAMERA,FULL-SIZE,3.6,6.0,AM7,Z,12.9,8.4,10.9,26,251.0
902,2014,PORSCHE,PANAMERA 4,FULL-SIZE,3.6,6.0,AM7,Z,13.1,8.7,11.1,25,
903,2014,PORSCHE,PANAMERA 4S,FULL-SIZE,3.0,6.0,AM7,Z,13.4,8.8,11.3,25,260.0
904,2014,PORSCHE,PANAMERA 4S EXECUTIVE,FULL-SIZE,3.0,6.0,AM7,Z,13.7,8.9,11.5,25,264.0
905,2014,PORSCHE,PANAMERA GTS,FULL-SIZE,4.8,8.0,AM7,Z,15.1,9.7,12.7,22,292.0
906,2014,PORSCHE,PANAMERA S,FULL-SIZE,3.0,6.0,AM7,Z,13.4,8.8,11.3,25,260.0
907,2014,PORSCHE,PANAMERA TURBO,FULL-SIZE,4.8,8.0,AM7,Z,15.3,9.7,12.8,22,294.0
908,2014,PORSCHE,PANAMERA TURBO EXECUTIVE,FULL-SIZE,4.8,8.0,AM7,Z,15.4,9.8,12.9,22,
909,2014,RAM,1500 (MDS),PICKUP TRUCK - STANDARD,5.7,8.0,A6,,17.1,12.0,14.8,19,340.0
910,2014,RAM,1500 (MDS),PICKUP TRUCK - STANDARD,5.7,8.0,A8,X,15.8,10.9,13.6,21,313.0
911,2014,RAM,1500 4X4 (MDS),PICKUP TRUCK - STANDARD,5.7,8.0,A6,X,17.6,12.7,15.4,18,354.0
912,2014,RAM,1500 4X4 (MDS),PICKUP TRUCK - STANDARD,5.7,8.0,A8,X,16.3,11.5,14.1,20,324.0
913,2014,RAM,1500 4X4 DIESEL,PICKUP TRUCK - STANDARD,3.0,6.0,A8,D,12.1,8.8,10.6,27,286.0
914,2014,RAM,1500 4X4 FFV,PICKUP TRUCK - STANDARD,3.6,6.0,A8,X,14.6,10.1,12.6,22,290.0
915,2014,RAM,1500 4X4 FFV,PICKUP TRUCK - STANDARD,3.6,6.0,A8,,20.5,14.5,17.8,16,285.0
916,2014,RAM,1500 DIESEL,PICKUP TRUCK - STANDARD,3.0,6.0,A8,D,11.6,8.4,10.2,28,275.0
917,2014,RAM,1500 FFV,PICKUP TRUCK - STANDARD,3.6,6.0,A8,X,13.9,9.5,11.9,24,274.0
918,2014,RAM,1500 FFV,PICKUP TRUCK - STANDARD,3.6,6.0,A8,E,19.4,13.6,16.8,17,
919,2014,RAM,1500 HFE,PICKUP TRUCK - STANDARD,3.6,6.0,A8,X,12.9,9.3,11.3,25,260.0
920,2014,RAM,CARGO VAN FFV,MINIVAN,3.6,6.0,A6,X,13.3,9.1,11.4,25,262.0
921,2014,RAM,CARGO VAN FFV,MINIVAN,3.6,6.0,A6,E,18.6,12.7,15.9,18,254.0
922,2014,ROLLS-ROYCE,GHOST,FULL-SIZE,6.6,12.0,A8,Z,19.1,12.3,16.0,18,368.0
923,2014,ROLLS-ROYCE,GHOST EWB,FULL-SIZE,6.6,12.0,A8,Z,19.1,12.3,16.0,18,368.0
924,2014,ROLLS-ROYCE,PHANTOM,FULL-SIZE,6.7,12.0,A8,Z,20.7,12.8,17.1,17,
925,2014,ROLLS-ROYCE,PHANTOM COUPE,COMPACT,6.7,12.0,A8,Z,20.7,12.8,17.1,17,393.0
926,2014,ROLLS-ROYCE,PHANTOM DROPHEAD COUPE,COMPACT,6.7,12.0,A8,Z,20.7,12.7,17.1,17,393.0
927,2014,ROLLS-ROYCE,PHANTOM EWB,FULL-SIZE,6.7,12.0,A8,Z,20.7,12.7,17.1,17,393.0
928,2014,ROLLS-ROYCE,WRAITH,MID-SIZE,6.6,12.0,A8,Z,18.7,11.8,15.6,18,359.0
929,2014,SCION,FR-S,MINICOMPACT,2.0,4.0,AS6,Z,9.6,7.0,8.4,34,193.0
930,2014,SCION,FR-S,MINICOMPACT,2.0,4.0,M6,Z,10.9,7.8,9.5,30,218.0
931,2014,SCION,iQ,MINICOMPACT,1.3,4.0,AV,,6.6,5.7,6.2,46,143.0
932,2014,SCION,tC,COMPACT,2.5,4.0,AS6,X,10.2,7.5,9.0,31,207.0
933,2014,SCION,tC,COMPACT,2.5,4.0,M6,X,10.2,7.6,9.0,31,207.0
934,2014,SCION,xB,STATION WAGON - SMALL,2.4,4.0,AS4,X,10.9,8.6,9.9,29,228.0
935,2014,SCION,xB,STATION WAGON - SMALL,2.4,4.0,M5,X,10.9,8.6,9.9,29,228.0
936,2014,SCION,xD,SUBCOMPACT,1.8,4.0,A4,X,8.8,7.1,8.0,35,184.0
937,2014,SCION,xD,SUBCOMPACT,1.8,4.0,M5,X,8.6,7.1,7.9,36,182.0
938,2014,SMART,FORTWO CABRIOLET,TWO-SEATER,1.0,3.0,AM5,Z,6.9,5.7,6.4,44,147.0
939,2014,SMART,FORTWO COUPE,TWO-SEATER,1.0,3.0,AM5,Z,6.9,5.7,6.4,44,
940,2014,SRT,VIPER COUPE,TWO-SEATER,8.4,10.0,M6,,20.0,13.0,16.9,17,389.0
941,2014,SRT,VIPER GTS COUPE,TWO-SEATER,8.4,10.0,M6,Z,20.0,13.0,16.9,17,
942,2014,SUBARU,BRZ,MINICOMPACT,2.0,4.0,AS6,Z,9.6,7.1,8.5,33,196.0
943,2014,SUBARU,BRZ,MINICOMPACT,2.0,4.0,M6,Z,11.0,7.9,9.6,29,221.0
944,2014,SUBARU,FORESTER AWD,SUV - SMALL,2.0,4.0,AV,Z,10.2,8.6,9.5,30,218.0
945,2014,SUBARU,FORESTER AWD,SUV - SMALL,2.5,4.0,AV,,9.6,7.4,8.6,33,198.0
946,2014,SUBARU,FORESTER AWD,SUV - SMALL,2.5,4.0,M6,X,10.9,8.3,9.7,29,223.0
947,2014,SUBARU,IMPREZA AWD,COMPACT,2.0,4.0,AV,X,8.7,6.6,7.8,36,179.0
948,2014,SUBARU,IMPREZA AWD,COMPACT,2.0,4.0,M5,X,9.6,7.1,8.5,33,196.0
949,2014,SUBARU,IMPREZA AWD,COMPACT,2.5,4.0,M5,Z,12.6,9.5,11.2,25,258.0
950,2014,SUBARU,IMPREZA AWD,COMPACT,2.5,4.0,M6,Z,14.2,10.4,12.5,23,288.0
951,2014,SUBARU,IMPREZA WAGON AWD,STATION WAGON - SMALL,2.0,,AV,X,8.7,6.6,7.8,36,179.0
952,2014,SUBARU,IMPREZA WAGON AWD,STATION WAGON - SMALL,2.0,4.0,M5,,9.6,7.1,8.5,33,
953,2014,SUBARU,IMPREZA WAGON AWD,STATION WAGON - SMALL,2.5,4.0,M5,Z,12.6,9.5,11.2,25,258.0
954,2014,SUBARU,IMPREZA WAGON AWD,STATION WAGON - SMALL,2.5,4.0,M6,Z,14.2,10.4,12.5,23,
955,2014,SUBARU,LEGACY AWD,MID-SIZE,2.5,4.0,AV,X,9.7,7.3,8.6,33,198.0
956,2014,SUBARU,LEGACY AWD,MID-SIZE,2.5,4.0,M6,X,11.3,8.2,9.9,29,228.0
957,2014,SUBARU,LEGACY AWD,MID-SIZE,3.6,6.0,AS5,X,13.3,9.5,11.6,24,267.0
958,2014,SUBARU,OUTBACK AWD,SUV - SMALL,2.5,4.0,AV,X,9.9,7.8,9.0,31,
959,2014,SUBARU,OUTBACK AWD,SUV - SMALL,2.5,4.0,M6,X,10.8,8.5,9.8,29,225.0
960,2014,SUBARU,OUTBACK AWD,SUV - SMALL,3.6,6.0,AS5,X,13.4,9.7,11.7,24,269.0
961,2014,SUBARU,TRIBECA AWD,SUV - SMALL,3.6,6.0,AS5,X,14.7,11.1,13.1,22,301.0
962,2014,SUBARU,XV CROSSTREK AWD,SUV - SMALL,2.0,4.0,AV,X,9.5,7.2,8.5,33,196.0
963,2014,SUBARU,XV CROSSTREK AWD,SUV - SMALL,2.0,4.0,M5,X,10.2,8.0,9.2,31,212.0
964,2014,SUBARU,XV CROSSTREK HYBRID AWD,SUV - SMALL,2.0,4.0,AV,X,8.1,7.2,7.7,37,177.0
965,2014,TOYOTA,4RUNNER (Part-Time 4WD),SUV - STANDARD,4.0,6.0,AS5,X,14.3,11.1,12.9,22,297.0
966,2014,TOYOTA,4RUNNER 4WD,SUV - STANDARD,4.0,6.0,AS5,X,14.3,11.1,12.9,22,297.0
967,2014,TOYOTA,AVALON,MID-SIZE,3.5,6.0,AS6,X,11.3,7.6,9.6,29,221.0
968,2014,TOYOTA,CAMRY,MID-SIZE,2.5,4.0,AS6,X,9.5,6.6,8.2,34,189.0
969,2014,TOYOTA,CAMRY,MID-SIZE,3.5,6.0,AS6,X,11.1,7.8,9.6,29,221.0
970,2014,TOYOTA,CAMRY HYBRID LE,MID-SIZE,2.5,4.0,AV,X,5.5,5.9,5.7,50,
971,2014,TOYOTA,CAMRY HYBRID XLE/SE,MID-SIZE,2.5,4.0,AV,X,5.8,6.2,6.0,47,138.0
972,2014,TOYOTA,COROLLA,MID-SIZE,1.8,4.0,A4,X,8.6,6.5,7.7,37,177.0
973,2014,TOYOTA,COROLLA,MID-SIZE,1.8,4.0,AV7,X,8.1,6.3,7.3,39,168.0
974,2014,TOYOTA,COROLLA,MID-SIZE,1.8,4.0,AV,X,8.0,5.9,7.1,40,163.0
975,2014,TOYOTA,COROLLA,MID-SIZE,1.8,4.0,M6,X,8.3,6.3,7.4,38,
976,2014,TOYOTA,COROLLA LE ECO (1-mode),MID-SIZE,1.8,4.0,AV,X,7.7,5.6,6.8,42,156.0
977,2014,TOYOTA,COROLLA LE ECO (2-mode),MID-SIZE,1.8,4.0,AV,X,7.8,5.9,6.9,41,159.0
978,2014,TOYOTA,COROLLA MATRIX,STATION WAGON - SMALL,1.8,4.0,A4,X,9.4,7.5,8.5,33,196.0
979,2014,TOYOTA,COROLLA MATRIX,STATION WAGON - SMALL,1.8,4.0,M5,X,8.9,7.3,8.2,34,189.0
980,2014,TOYOTA,FJ CRUISER 4WD,SUV - SMALL,4.0,6.0,A5,X,14.3,11.2,12.9,22,297.0
981,2014,TOYOTA,FJ CRUISER 4WD,SUV - SMALL,4.0,6.0,M6,X,15.4,12.1,13.9,20,320.0
982,2014,TOYOTA,HIGHLANDER,SUV - SMALL,2.7,4.0,AS6,X,11.7,8.6,10.3,27,237.0
983,2014,TOYOTA,HIGHLANDER,SUV - SMALL,3.5,6.0,AS6,X,12.6,9.4,11.2,25,258.0
984,2014,TOYOTA,HIGHLANDER AWD,SUV - STANDARD,3.5,6.0,AS6,X,13.0,9.7,11.5,25,264.0
985,2014,TOYOTA,HIGHLANDER HYBRID AWD,SUV - STANDARD,3.5,6.0,AV6,X,8.0,8.6,8.3,34,191.0
986,2014,TOYOTA,HIGHLANDER HYBRID AWD LE,SUV - STANDARD,3.5,6.0,AV6,X,7.9,8.6,8.2,34,189.0
987,2014,TOYOTA,PRIUS,MID-SIZE,1.8,4.0,AV,X,4.7,4.9,4.8,59,110.0
988,2014,TOYOTA,PRIUS c,COMPACT,1.5,4.0,AV,,4.6,4.9,4.7,60,108.0
989,2014,TOYOTA,PRIUS v,STATION WAGON - MID-SIZE,1.8,4.0,AV,X,5.3,5.8,5.5,51,126.0
990,2014,TOYOTA,RAV4,SUV - SMALL,2.5,4.0,AS6,X,10.0,7.6,8.9,32,205.0
991,2014,TOYOTA,RAV4 AWD,SUV - SMALL,2.5,4.0,AS6,,10.4,8.1,9.4,30,216.0
992,2014,TOYOTA,RAV4 LIMITED AWD,SUV - SMALL,2.5,4.0,AS6,X,10.6,8.2,9.5,30,218.0
993,2014,TOYOTA,SEQUOIA 4WD,SUV - STANDARD,5.7,8.0,AS6,X,19.0,13.9,16.7,17,
994,2014,TOYOTA,SIENNA,MINIVAN,3.5,6.0,AS6,X,12.9,9.4,11.3,25,260.0
995,2014,TOYOTA,SIENNA AWD,MINIVAN,3.5,6.0,AS6,X,14.2,10.3,12.4,23,285.0
996,2014,TOYOTA,TACOMA,PICKUP TRUCK - SMALL,2.7,4.0,A4,X,12.2,9.3,10.9,26,251.0
997,2014,TOYOTA,TACOMA,PICKUP TRUCK - SMALL,2.7,4.0,M5,X,11.3,8.9,10.2,28,235.0
998,2014,TOYOTA,TACOMA,PICKUP TRUCK - SMALL,4.0,6.0,M6,X,14.5,11.3,13.1,22,301.0
999,2014,TOYOTA,TACOMA 4WD,PICKUP TRUCK - SMALL,2.7,4.0,A4,X,13.1,10.5,11.9,24,274.0
1000,2014,TOYOTA,TACOMA 4WD,PICKUP TRUCK - SMALL,2.7,4.0,M5,X,12.8,10.6,11.8,24,271.0
1001,2014,TOYOTA,TACOMA 4WD,PICKUP TRUCK - SMALL,4.0,6.0,A5,X,14.7,11.5,13.3,21,306.0
1002,2014,TOYOTA,TACOMA 4WD,PICKUP TRUCK - SMALL,4.0,,M6,X,15.3,12.3,14.0,20,322.0
1003,2014,TOYOTA,TUNDRA,PICKUP TRUCK - STANDARD,4.0,6.0,AS5,X,14.8,11.8,13.5,21,310.0
1004,2014,TOYOTA,TUNDRA,PICKUP TRUCK - STANDARD,4.6,8.0,AS6,X,15.9,12.3,14.3,20,329.0
1005,2014,TOYOTA,TUNDRA,PICKUP TRUCK - STANDARD,5.7,8.0,AS6,X,17.6,12.9,15.5,18,356.0
1006,2014,TOYOTA,TUNDRA 4WD,PICKUP TRUCK - STANDARD,4.6,8.0,AS6,X,16.9,12.8,15.1,19,
1007,2014,TOYOTA,TUNDRA 4WD,PICKUP TRUCK - STANDARD,5.7,8.0,AS6,X,18.1,13.9,16.2,17,373.0
1008,2014,TOYOTA,VENZA,SUV - SMALL,2.7,4.0,AS6,,11.4,8.2,10.0,28,230.0
1009,2014,TOYOTA,VENZA,SUV - SMALL,3.5,6.0,AS6,X,12.6,9.1,11.0,26,253.0
1010,2014,TOYOTA,VENZA 4WD,SUV - SMALL,2.7,4.0,AS6,X,11.6,8.5,10.2,28,235.0
1011,2014,TOYOTA,VENZA 4WD,SUV - SMALL,3.5,6.0,AS6,X,12.9,9.4,11.3,25,260.0
1012,2014,TOYOTA,YARIS,COMPACT,1.5,4.0,A4,X,7.9,6.6,7.3,39,168.0
1013,2014,TOYOTA,YARIS,COMPACT,1.5,4.0,M5,X,7.8,6.3,7.1,40,163.0
1014,2014,VOLKSWAGEN,BEETLE,COMPACT,1.8,4.0,A6,X,9.5,7.2,8.5,33,196.0
1015,2014,VOLKSWAGEN,BEETLE,COMPACT,1.8,4.0,M5,X,9.9,7.2,8.7,32,200.0
1016,2014,VOLKSWAGEN,BEETLE,COMPACT,2.0,4.0,A6,Z,10.3,7.7,9.1,31,209.0
1017,2014,VOLKSWAGEN,BEETLE,COMPACT,2.0,4.0,M6,Z,10.8,7.6,9.4,30,216.0
1018,2014,VOLKSWAGEN,BEETLE,COMPACT,2.5,5.0,A6,X,10.9,8.4,9.8,29,225.0
1019,2014,VOLKSWAGEN,BEETLE,COMPACT,2.5,5.0,M5,X,11.2,7.7,9.6,29,221.0
1020,2014,VOLKSWAGEN,BEETLE CONVERTIBLE,SUBCOMPACT,1.8,4.0,A6,,9.8,7.3,8.7,32,200.0
1021,2014,VOLKSWAGEN,BEETLE CONVERTIBLE,SUBCOMPACT,2.0,4.0,A6,Z,10.3,8.1,9.3,30,
1022,2014,VOLKSWAGEN,BEETLE CONVERTIBLE,SUBCOMPACT,2.0,4.0,M6,Z,10.8,7.6,9.4,30,
1023,2014,VOLKSWAGEN,BEETLE CONVERTIBLE,SUBCOMPACT,2.5,5.0,A6,X,11.2,8.7,10.1,28,232.0
1024,2014,VOLKSWAGEN,BEETLE TDI CLEAN DIESEL,COMPACT,2.0,4.0,A6,D,8.2,6.1,7.3,39,197.0
1025,2014,VOLKSWAGEN,BEETLE TDI CLEAN DIESEL,COMPACT,2.0,4.0,M6,D,8.5,5.8,7.3,39,197.0
1026,2014,VOLKSWAGEN,CC,COMPACT,2.0,4.0,A6,Z,11.1,7.9,9.7,29,223.0
1027,2014,VOLKSWAGEN,CC,COMPACT,2.0,4.0,M6,Z,11.6,7.7,9.8,29,
1028,2014,VOLKSWAGEN,CC 4MOTION,COMPACT,3.6,,A6,Z,14.3,9.8,12.3,23,283.0
1029,2014,VOLKSWAGEN,EOS,SUBCOMPACT,2.0,4.0,A6,Z,10.9,8.0,9.6,29,221.0
1030,2014,VOLKSWAGEN,GOLF WAGON,STATION WAGON - SMALL,2.5,5.0,A6,X,11.0,7.7,9.5,30,218.0
1031,2014,VOLKSWAGEN,GOLF WAGON,STATION WAGON - SMALL,2.5,5.0,M5,X,11.2,7.3,9.4,30,216.0
1032,2014,VOLKSWAGEN,GOLF WAGON TDI CLEAN DIESEL,STATION WAGON - SMALL,2.0,4.0,A6,D,8.2,6.0,7.2,39,194.0
1033,2014,VOLKSWAGEN,GOLF WAGON TDI CLEAN DIESEL,STATION WAGON - SMALL,2.0,,M6,D,7.9,5.6,6.9,41,186.0
1034,2014,VOLKSWAGEN,JETTA,COMPACT,1.8,4.0,A6,X,9.5,6.7,8.2,34,189.0
1035,2014,VOLKSWAGEN,JETTA,COMPACT,1.8,4.0,M5,,9.4,6.7,8.2,34,189.0
1036,2014,VOLKSWAGEN,JETTA,COMPACT,2.0,4.0,A6,X,10.6,8.0,9.4,30,216.0
1037,2014,VOLKSWAGEN,JETTA,COMPACT,2.0,4.0,M5,X,10.4,7.2,9.0,31,207.0
1038,2014,VOLKSWAGEN,JETTA GLI,COMPACT,2.0,4.0,A6,Z,10.2,7.5,9.0,31,207.0
1039,2014,VOLKSWAGEN,JETTA GLI,COMPACT,2.0,4.0,M6,Z,10.6,7.4,9.2,31,212.0
1040,2014,VOLKSWAGEN,JETTA TDI CLEAN DIESEL,COMPACT,2.0,,A6,,7.9,5.7,6.9,41,186.0
1041,2014,VOLKSWAGEN,JETTA TDI CLEAN DIESEL,COMPACT,2.0,4.0,M6,,7.9,5.6,6.9,41,186.0
1042,2014,VOLKSWAGEN,JETTA TURBO HYBRID,COMPACT,1.4,4.0,AM7,Z,5.6,5.2,5.4,52,124.0
1043,2014,VOLKSWAGEN,PASSAT,MID-SIZE,1.8,4.0,A6,X,9.9,6.9,8.6,33,198.0
1044,2014,VOLKSWAGEN,PASSAT,MID-SIZE,1.8,4.0,M5,X,10.0,6.9,8.6,33,198.0
1045,2014,VOLKSWAGEN,PASSAT,MID-SIZE,2.5,5.0,A6,X,11.0,8.0,9.7,29,223.0
1046,2014,VOLKSWAGEN,PASSAT,MID-SIZE,2.5,5.0,M5,X,11.4,7.8,9.8,29,225.0
1047,2014,VOLKSWAGEN,PASSAT,MID-SIZE,3.6,6.0,A6,Z,12.4,8.8,10.8,26,248.0
1048,2014,VOLKSWAGEN,PASSAT TDI CLEAN DIESEL,MID-SIZE,2.0,4.0,A6,D,8.1,5.9,7.1,40,192.0
1049,2014,VOLKSWAGEN,PASSAT TDI CLEAN DIESEL,MID-SIZE,2.0,4.0,M6,D,8.0,5.4,6.8,42,184.0
1050,2014,VOLKSWAGEN,ROUTAN,MINIVAN,3.6,,A6,X,14.2,9.5,12.1,23,278.0
1051,2014,VOLKSWAGEN,TIGUAN,SUV - SMALL,2.0,4.0,A6,Z,11.7,9.5,10.7,26,
1052,2014,VOLKSWAGEN,TIGUAN,SUV - SMALL,2.0,4.0,M6,Z,13.6,9.2,11.6,24,
1053,2014,VOLKSWAGEN,TIGUAN 4MOTION,SUV - SMALL,2.0,4.0,A6,Z,11.7,9.4,10.7,26,
1054,2014,VOLKSWAGEN,TOUAREG,SUV - STANDARD,3.6,6.0,AS8,Z,13.8,10.3,12.2,23,281.0
1055,2014,VOLKSWAGEN,TOUAREG TDI CLEAN DIESEL,SUV - STANDARD,3.0,6.0,AS8,D,12.3,8.0,10.4,27,281.0
1056,2014,VOLVO,S60,COMPACT,2.5,5.0,AS6,X,11.3,7.8,9.7,29,223.0
1057,2014,VOLVO,S60 AWD,COMPACT,2.5,5.0,AS6,,11.6,8.3,10.1,28,232.0
1058,2014,VOLVO,S60 AWD,COMPACT,3.0,6.0,AS6,X,13.2,9.5,11.5,25,264.0
1059,2014,VOLVO,S80,MID-SIZE,3.2,6.0,AS6,X,11.9,8.1,10.2,28,235.0
1060,2014,VOLVO,S80 AWD,MID-SIZE,3.0,6.0,AS6,X,13.2,9.5,11.5,25,264.0
1061,2014,VOLVO,XC60,SUV - SMALL,3.2,6.0,AS6,X,13.0,8.9,11.2,25,258.0
1062,2014,VOLVO,XC60 AWD,SUV - SMALL,3.0,6.0,AS6,X,13.4,9.8,11.8,24,271.0
1063,2014,VOLVO,XC60 AWD,SUV - SMALL,3.2,6.0,AS6,X,13.2,9.5,11.5,25,264.0
1064,2014,VOLVO,XC70 AWD,SUV - SMALL,3.0,6.0,AS6,X,13.4,9.8,11.8,24,271.0
1065,2014,VOLVO,XC70 AWD,SUV - SMALL,3.2,6.0,AS6,X,12.9,9.3,11.3,25,260.0
1066,2014,VOLVO,XC90 AWD,SUV - STANDARD,3.2,6.0,AS6,X,14.9,10.2,12.8,22,294.0
